# timestamp	before_messages	after_messages	before_tokens	after_tokens	budget	target_tokens	strategy_level	messages_removed	messages_truncated	user_messages_stubbed
2026-09-04T23:25:00.464024+00:00	3	2	131321	130627	131104	65552	8	1	0	0
2026-09-04T23:25:06.714462+00:00	6	5	145321	144627	131104	65552	8	1	0	0
2026-09-04T23:25:14.977426+00:00	11	7	147478	132784	131104	65552	8	4	0	0
2026-09-04T23:25:21.927579+00:00	17	8	160001	143150	131104	65552	8	9	0	0
2026-09-04T23:25:30.271839+00:00	24	9	171971	134478	131104	65552	8	15	1	0
2026-09-04T23:25:39.190973+00:00	29	7	184797	143453	131104	65552	8	22	0	0
2026-09-04T23:25:44.353460+00:00	33	6	191856	137686	131104	65552	8	27	0	0
2026-09-04T23:25:50.716114+00:00	37	6	201368	140139	131104	65552	8	31	0	0
2026-09-04T23:25:58.834536+00:00	42	7	203577	132836	131104	65552	8	35	0	0
2026-09-04T23:26:05.237274+00:00	46	6	216075	143125	131104	65552	8	40	0	0
2026-09-04T23:26:11.677295+00:00	50	6	220370	134922	131104	65552	8	44	0	0
2026-09-04T23:26:19.053069+00:00	54	6	239017	149274	131104	65552	8	48	0	0
2026-09-04T23:27:07.960012+00:00	58	6	277518	169128	131104	65552	8	52	0	0
2026-09-04T23:27:12.262955+00:00	60	4	283451	136560	131104	65552	8	56	0	0
2026-09-04T23:27:24.027760+00:00	67	9	287576	134441	131104	65552	8	58	1	0
2026-09-04T23:27:28.434818+00:00	70	5	296016	139067	131104	65552	8	65	0	0
2026-09-04T23:27:35.670111+00:00	74	6	298012	132623	131104	65552	8	68	0	0
2026-09-04T23:27:46.201100+00:00	80	8	311915	144530	131104	65552	8	72	0	0
2026-09-04T23:27:51.609166+00:00	83	5	318728	137440	131104	65552	8	78	0	0
2026-09-04T23:28:03.651813+00:00	88	7	339224	151123	131104	65552	8	81	0	0
2026-09-04T23:28:08.696427+00:00	91	5	345976	137379	131104	65552	8	86	0	0
2026-09-04T23:28:21.412622+00:00	97	8	354886	139537	131104	65552	8	89	0	0
2026-09-04T23:28:30.577849+00:00	101	6	370898	146639	131104	65552	8	95	0	0
2026-09-04T23:28:54.547167+00:00	107	8	377391	137120	131104	65552	8	99	0	0
2026-09-04T23:29:03.236767+00:00	112	7	384532	137768	131104	65552	8	105	0	0
2026-09-04T23:29:18.383143+00:00	119	9	389396	135053	131104	65552	8	110	1	0
2026-09-04T23:29:21.654335+00:00	122	5	399261	140492	131104	65552	8	117	0	0
2026-09-04T23:29:31.358536+00:00	128	8	402228	133594	131104	65552	8	120	0	0
2026-09-04T23:29:40.677891+00:00	134	8	416451	144850	131104	65552	8	126	0	0
2026-09-04T23:29:48.020890+00:00	138	6	425781	139957	131104	65552	8	132	0	0
2026-09-04T23:29:56.688053+00:00	143	7	432220	137066	131104	65552	8	136	0	0
2026-09-04T23:30:01.918062+00:00	146	5	441187	139594	131104	65552	8	141	0	0
2026-09-04T23:30:07.451133+00:00	150	6	485290	174730	131104	65552	8	144	0	0
2026-09-04T23:30:12.268772+00:00	153	5	491539	136876	131104	65552	8	148	0	0
2026-09-04T23:30:19.930082+00:00	158	7	506397	145485	131104	65552	8	151	0	0
2026-09-04T23:30:25.717093+00:00	162	6	514376	138606	131104	65552	8	156	0	0
2026-09-04T23:30:32.143525+00:00	167	7	526514	142765	131104	65552	8	160	0	0
2026-09-04T23:30:37.824356+00:00	171	6	537214	141327	131104	65552	8	165	0	0
2026-09-04T23:30:45.885570+00:00	176	7	543794	137207	131104	65552	8	169	0	0
2026-09-04T23:30:54.157760+00:00	181	7	564432	151265	131104	65552	8	174	0	0
2026-09-04T23:32:33.965883+00:00	187	8	570545	136740	131104	65552	8	179	0	0
2026-09-04T23:32:41.813026+00:00	192	7	582582	142664	131104	65552	8	185	0	0
2026-09-04T23:32:48.482228+00:00	196	6	626956	175001	131104	65552	8	190	0	0
2026-09-04T23:32:55.413440+00:00	198	4	633322	136993	131104	65552	8	194	0	0
2026-09-04T23:33:04.960280+00:00	203	7	635960	133265	131104	65552	8	196	0	0
2026-09-04T23:33:10.910819+00:00	208	7	649999	144666	131104	65552	8	201	0	0
2026-09-04T23:33:24.463673+00:00	215	9	663619	139526	131104	65552	8	206	1	0
2026-09-04T23:33:30.297455+00:00	218	5	665824	132832	131104	65552	8	213	0	0
2026-09-04T23:33:34.871462+00:00	221	5	670052	134855	131104	65552	8	216	0	0
2026-09-04T23:33:55.782091+00:00	228	9	685247	144449	131104	65552	8	219	1	0
2026-09-04T23:34:02.029136+00:00	231	5	689599	134979	131104	65552	8	226	0	0
2026-09-04T23:34:19.970243+00:00	237	8	697580	138608	131104	65552	8	229	0	0
2026-09-04T23:34:29.724395+00:00	244	9	710130	141161	131104	65552	8	235	1	0
2026-09-04T23:34:40.027379+00:00	250	8	717027	137524	131104	65552	8	242	0	0
2026-09-04T23:34:48.668888+00:00	255	7	723557	137157	131104	65552	8	248	0	0
2026-09-04T23:34:59.730309+00:00	261	8	730496	137566	131104	65552	8	253	0	0
2026-09-04T23:35:09.921159+00:00	267	8	736980	137111	131104	65552	8	259	0	0
2026-09-04T23:35:16.465623+00:00	271	6	750219	143866	131104	65552	8	265	0	0
2026-09-04T23:35:29.572879+00:00	277	8	757683	138091	131104	65552	8	269	0	0
2026-09-04T23:35:41.694536+00:00	284	9	773353	142895	131104	65552	8	275	1	0
2026-09-04T23:35:50.969446+00:00	288	6	778972	136246	131104	65552	8	282	0	0
2026-09-04T23:35:58.793996+00:00	292	6	789173	140828	131104	65552	8	286	0	0
2026-09-04T23:36:05.245396+00:00	296	6	799658	141112	131104	65552	8	290	0	0
2026-09-04T23:36:14.144965+00:00	300	6	813832	144801	131104	65552	8	294	0	0
2026-09-04T23:36:21.307375+00:00	304	6	821242	138037	131104	65552	8	298	0	0
2026-09-04T23:37:10.375971+00:00	327	6	868047	137601	131104	65552	8	321	0	0
2026-09-04T23:37:25.808365+00:00	332	7	880819	143399	131104	65552	8	325	0	0
2026-09-04T23:37:35.280376+00:00	337	7	890394	140202	131104	65552	8	330	0	0
2026-09-04T23:37:44.838027+00:00	343	8	899899	140132	131104	65552	8	335	0	0
2026-09-04T23:37:57.259480+00:00	349	8	910307	141035	131104	65552	8	341	0	0
2026-09-04T23:40:41.508807+00:00	386	11	971347	135383	131104	65552	8	375	3	0
2026-09-04T23:40:47.201334+00:00	389	5	985782	145062	131104	65552	8	384	0	0
2026-09-04T23:42:10.588780+00:00	427	5	1162312	167720	131104	65552	8	422	0	0
2026-09-04T23:42:16.415006+00:00	430	5	1176937	145252	131104	65552	8	425	0	0
2026-09-04T23:42:26.024641+00:00	435	7	1179789	133479	131104	65552	8	428	0	0
2026-09-04T23:42:48.270082+00:00	451	5	1217407	132544	131104	65552	8	446	0	0
2026-09-04T23:42:55.714442+00:00	456	7	1241424	154644	131104	65552	8	449	0	0
2026-09-04T23:43:11.990017+00:00	465	5	1309849	156978	131104	65552	8	460	0	0
2026-09-04T23:43:18.978682+00:00	468	5	1322083	142861	131104	65552	8	463	0	0
2026-09-04T23:43:24.595489+00:00	472	6	1334811	143355	131104	65552	8	466	0	0
2026-09-04T23:45:23.067013+00:00	483	10	1395047	159788	131104	65552	8	473	2	0
2026-09-04T23:45:30.725334+00:00	489	8	1408953	144533	131104	65552	8	481	0	0
2026-09-04T23:45:45.670769+00:00	494	7	1419893	141567	131104	65552	8	487	0	0
2026-09-04T23:45:57.185484+00:00	500	8	1434031	144765	131104	65552	8	492	0	0
2026-09-04T23:46:19.291584+00:00	503	5	1448248	144844	131104	65552	8	498	0	0
2026-09-04T23:47:41.088262+00:00	509	8	1473510	155889	131104	65552	8	501	0	0
2026-09-04T23:47:48.277653+00:00	512	5	1484111	141228	131104	65552	8	507	0	0
2026-09-04T23:48:35.451769+00:00	517	7	1498279	144795	131104	65552	8	510	0	0
2026-09-04T23:48:45.142440+00:00	521	6	1511302	143650	131104	65552	8	515	0	0
2026-09-04T23:48:59.738336+00:00	527	8	1520907	140232	131104	65552	8	519	0	0
2026-09-04T23:49:07.190095+00:00	532	7	1542365	152085	131104	65552	8	525	0	0
2026-09-04T23:49:22.751037+00:00	538	8	1547115	135377	131104	65552	8	530	0	0
2026-09-04T23:49:27.674260+00:00	541	5	1561373	144885	131104	65552	8	536	0	0
2026-09-04T23:49:32.915436+00:00	544	5	1587614	156868	131104	65552	8	539	0	0
2026-09-04T23:49:37.660121+00:00	547	5	1599746	142759	131104	65552	8	542	0	0
2026-09-04T23:49:42.883681+00:00	550	5	1633726	164607	131104	65552	8	545	0	0
2026-09-04T23:49:50.637200+00:00	553	5	1650270	147171	131104	65552	8	548	0	0
2026-09-04T23:49:56.792576+00:00	556	5	1676687	157044	131104	65552	8	551	0	0
2026-09-04T23:50:03.590701+00:00	561	7	1704403	158343	131104	65552	8	554	0	0
2026-09-04T23:50:11.761516+00:00	567	8	1706594	132818	131104	65552	8	559	0	0
2026-09-04T23:50:18.367141+00:00	572	7	1725554	149587	131104	65552	8	565	0	0
2026-09-04T23:50:24.947942+00:00	576	6	1727455	132528	131104	65552	8	570	0	0
2026-09-04T23:50:31.954934+00:00	581	7	1741481	144653	131104	65552	8	574	0	0
2026-09-04T23:50:41.624632+00:00	587	8	1756335	145481	131104	65552	8	579	0	0
2026-09-04T23:50:56.458009+00:00	595	10	1769335	135345	131104	65552	8	585	2	0
2026-09-04T23:51:05.656438+00:00	600	7	1784252	145544	131104	65552	8	593	0	0
2026-09-04T23:51:17.835219+00:00	608	10	1792412	134615	131104	65552	8	598	2	0
2026-09-04T23:51:25.641396+00:00	612	6	1798460	136675	131104	65552	8	606	0	0
2026-09-04T23:51:37.183993+00:00	618	8	1802023	134190	131104	65552	8	610	0	0
2026-09-04T23:51:49.258897+00:00	623	7	1811554	140158	131104	65552	8	616	0	0
2026-09-04T23:51:59.831249+00:00	629	8	1816579	135652	131104	65552	8	621	0	0
2026-09-04T23:52:08.379952+00:00	634	7	1835384	149432	131104	65552	8	627	0	0
2026-09-04T23:52:20.692697+00:00	640	8	1841654	136897	131104	65552	8	632	0	0
2026-09-04T23:52:30.626081+00:00	645	7	1860228	149201	131104	65552	8	638	0	0
2026-09-04T23:52:39.001236+00:00	651	8	1868357	138756	131104	65552	8	643	0	0
2026-09-04T23:52:43.670878+00:00	654	5	1882589	144859	131104	65552	8	649	0	0
2026-09-04T23:52:50.203738+00:00	658	6	1909241	157279	131104	65552	8	652	0	0
2026-09-04T23:52:55.790403+00:00	661	5	1920804	142190	131104	65552	8	656	0	0
2026-09-04T23:53:02.541298+00:00	665	6	1922303	132126	131104	65552	8	659	0	0
2026-09-04T23:53:09.101081+00:00	669	6	1932171	140495	131104	65552	8	663	0	0
2026-09-04T23:53:14.032632+00:00	672	5	1942147	140603	131104	65552	8	667	0	0
2026-09-04T23:53:24.788213+00:00	676	6	1971666	160146	131104	65552	8	670	0	0
2026-09-04T23:53:30.599749+00:00	679	5	1983577	142538	131104	65552	8	674	0	0
2026-09-04T23:53:36.196774+00:00	683	6	1997718	144768	131104	65552	8	677	0	0
2026-09-04T23:53:44.828810+00:00	687	6	2004993	137902	131104	65552	8	681	0	0
2026-09-04T23:53:54.490745+00:00	694	9	2014059	137777	131104	65552	8	685	1	0
2026-09-04T23:54:18.972882+00:00	706	8	2031688	139908	131104	65552	8	698	0	0
2026-09-04T23:55:32.861947+00:00	727	10	2069870	142783	131104	65552	8	717	2	0
2026-09-04T23:55:43.444661+00:00	732	7	2079583	140340	131104	65552	8	725	0	0
2026-09-04T23:55:50.614104+00:00	737	7	2088390	139434	131104	65552	8	730	0	0
2026-09-04T23:55:56.598286+00:00	741	6	2092805	135042	131104	65552	8	735	0	0
2026-09-04T23:56:04.196051+00:00	747	8	2100495	138317	131104	65552	8	739	0	0
2026-09-04T23:56:11.176201+00:00	753	8	2115134	145266	131104	65552	8	745	0	0
2026-09-04T23:56:20.051284+00:00	759	8	2118612	134105	131104	65552	8	751	0	0
2026-09-04T23:56:27.475152+00:00	764	7	2126011	138026	131104	65552	8	757	0	0
2026-09-04T23:56:41.950857+00:00	768	6	2131244	135860	131104	65552	8	762	0	0
2026-09-04T23:56:49.604607+00:00	772	6	2140634	140017	131104	65552	8	766	0	0
2026-09-04T23:56:57.572701+00:00	776	6	2146160	136153	131104	65552	8	770	0	0
2026-09-04T23:57:02.125380+00:00	779	5	2155035	139502	131104	65552	8	774	0	0
2026-09-04T23:57:12.472885+00:00	785	8	2168481	144073	131104	65552	8	777	0	0
2026-09-04T23:57:27.915994+00:00	793	6	2182831	134043	131104	65552	8	787	0	0
2026-09-04T23:57:35.168541+00:00	797	6	2195091	142887	131104	65552	8	791	0	0
2026-09-04T23:58:34.509845+00:00	803	8	2210804	146340	131104	65552	8	795	0	0
2026-09-04T23:58:44.348200+00:00	808	7	2221919	141742	131104	65552	8	801	0	0
2026-09-04T23:58:52.490093+00:00	813	7	2225819	134527	131104	65552	8	806	0	0
2026-09-04T23:58:58.616443+00:00	817	6	2240585	145393	131104	65552	8	811	0	0
2026-09-04T23:59:07.553997+00:00	822	7	2244601	134643	131104	65552	8	815	0	0
2026-09-04T23:59:13.345570+00:00	826	6	2262421	148447	131104	65552	8	820	0	0
2026-09-04T23:59:34.934783+00:00	831	7	2269480	137686	131104	65552	8	824	0	0
2026-09-04T23:59:44.077585+00:00	836	7	2282856	144003	131104	65552	8	829	0	0
2026-09-04T23:59:56.504984+00:00	843	9	2286546	134316	131104	65552	8	834	1	0
2026-09-05T00:00:05.450518+00:00	849	8	2295023	139104	131104	65552	8	841	0	0
2026-09-05T00:00:13.212039+00:00	854	7	2300019	135623	131104	65552	8	847	0	0
2026-09-05T00:00:19.611153+00:00	858	6	2311396	142004	131104	65552	8	852	0	0
2026-09-05T00:00:28.163871+00:00	863	7	2317348	136579	131104	65552	8	856	0	0
2026-09-05T00:00:35.113456+00:00	868	7	2330601	143880	131104	65552	8	861	0	0
2026-09-05T00:00:43.517124+00:00	873	7	2335301	135327	131104	65552	8	866	0	0
2026-09-05T00:00:51.875493+00:00	877	6	2341342	136668	131104	65552	8	871	0	0
2026-09-05T00:01:02.812993+00:00	883	8	2347505	136790	131104	65552	8	875	0	0
2026-09-05T00:01:11.032084+00:00	888	7	2363075	146197	131104	65552	8	881	0	0
2026-09-05T00:01:24.227606+00:00	893	7	2367423	134975	131104	65552	8	886	0	0
2026-09-05T00:01:33.258020+00:00	899	8	2387314	150518	131104	65552	8	891	0	0
2026-09-05T00:01:48.361764+00:00	905	8	2394369	137682	131104	65552	8	897	0	0
2026-09-05T00:01:53.968643+00:00	909	6	2412251	148509	131104	65552	8	903	0	0
2026-09-05T00:02:02.177359+00:00	914	7	2414588	132964	131104	65552	8	907	0	0
2026-09-05T00:02:08.666486+00:00	919	7	2435924	151963	131104	65552	8	912	0	0
2026-09-05T00:02:16.433725+00:00	923	6	2462702	157405	131104	65552	8	917	0	0
2026-09-05T00:02:21.109180+00:00	926	5	2474049	141974	131104	65552	8	921	0	0
2026-09-05T00:02:27.000608+00:00	930	6	2485336	141914	131104	65552	8	924	0	0
2026-09-05T00:02:32.565808+00:00	933	5	2491757	137048	131104	65552	8	928	0	0
2026-09-05T00:02:39.845986+00:00	938	7	2506000	144870	131104	65552	8	931	0	0
2026-09-05T00:02:47.820205+00:00	943	7	2516017	140644	131104	65552	8	936	0	0
2026-09-05T00:03:04.592540+00:00	948	7	2523910	138520	131104	65552	8	941	0	0
2026-09-05T00:03:13.440467+00:00	953	7	2538993	145710	131104	65552	8	946	0	0
2026-09-05T00:03:22.137435+00:00	958	7	2543580	135214	131104	65552	8	951	0	0
2026-09-05T00:03:27.008180+00:00	961	5	2557878	144925	131104	65552	8	956	0	0
2026-09-05T00:04:26.420153+00:00	999	7	2645571	143006	131104	65552	8	992	0	0
2026-09-05T00:04:32.532822+00:00	1002	5	2656586	141642	131104	65552	8	997	0	0
2026-09-05T00:04:46.978283+00:00	1009	6	2677207	140973	131104	65552	8	1003	0	0
2026-09-05T00:05:29.443509+00:00	1036	9	2726562	139825	131104	65552	8	1027	1	0
2026-09-05T00:06:05.284399+00:00	1059	6	2766161	139703	131104	65552	8	1053	0	0
2026-09-05T00:06:24.917626+00:00	1069	6	2794636	149181	131104	65552	8	1063	0	0
2026-09-05T00:06:43.120510+00:00	1080	6	2864203	157682	131104	65552	8	1074	0	0
2026-09-05T00:06:50.222480+00:00	1083	5	2871691	138115	131104	65552	8	1078	0	0
2026-09-05T00:07:00.704425+00:00	1089	5	2913938	138857	131104	65552	8	1084	0	0
2026-09-05T00:07:11.662692+00:00	1095	8	2928669	145358	131104	65552	8	1087	0	0
2026-09-05T00:07:36.965066+00:00	1104	6	2951442	140293	131104	65552	8	1098	0	0
2026-09-05T00:07:47.678975+00:00	1107	5	2958694	137879	131104	65552	8	1102	0	0
2026-09-05T00:07:54.761783+00:00	1112	7	2964659	136592	131104	65552	8	1105	0	0
2026-09-05T00:08:00.927378+00:00	1117	7	2984241	150209	131104	65552	8	1110	0	0
2026-09-05T00:08:15.750240+00:00	1123	8	2991810	138196	131104	65552	8	1115	0	0
2026-09-05T00:08:25.862381+00:00	1128	7	3000452	139269	131104	65552	8	1121	0	0
2026-09-05T00:08:39.957545+00:00	1135	9	3009950	138314	131104	65552	8	1126	1	0
2026-09-05T00:08:46.493651+00:00	1140	7	3031574	152251	131104	65552	8	1133	0	0
2026-09-05T00:09:14.669384+00:00	1143	5	3044664	143717	131104	65552	8	1138	0	0
2026-09-05T00:09:21.474228+00:00	1146	5	3058308	144271	131104	65552	8	1141	0	0
2026-09-05T00:09:31.207622+00:00	1150	6	3073524	145843	131104	65552	8	1144	0	0
2026-09-05T00:09:37.258326+00:00	1153	5	3079913	137016	131104	65552	8	1148	0	0
2026-09-05T00:09:44.635864+00:00	1157	6	3082030	132744	131104	65552	8	1151	0	0
2026-09-05T00:09:54.410336+00:00	1163	8	3100087	148684	131104	65552	8	1155	0	0
2026-09-05T00:10:01.854310+00:00	1168	7	3108071	138611	131104	65552	8	1161	0	0
2026-09-05T00:10:07.701419+00:00	1171	5	3114388	136944	131104	65552	8	1166	0	0
2026-09-05T00:10:13.393199+00:00	1175	6	3131272	147511	131104	65552	8	1169	0	0
2026-09-05T00:10:21.048760+00:00	1179	6	3164691	164046	131104	65552	8	1173	0	0
2026-09-05T00:10:35.789557+00:00	1184	7	3170075	136011	131104	65552	8	1177	0	0
2026-09-05T00:10:42.601963+00:00	1189	7	3182678	143230	131104	65552	8	1182	0	0
2026-09-05T00:10:51.109324+00:00	1195	8	3184718	132667	131104	65552	8	1187	0	0
2026-09-05T00:10:58.989205+00:00	1200	7	3195928	141837	131104	65552	8	1193	0	0
2026-09-05T00:11:08.656102+00:00	1205	7	3198310	133009	131104	65552	8	1198	0	0
2026-09-05T00:11:15.899805+00:00	1210	7	3218262	150579	131104	65552	8	1203	0	0
2026-09-05T00:11:31.262592+00:00	1214	6	3221927	134292	131104	65552	8	1208	0	0
2026-09-05T00:11:37.819094+00:00	1218	6	3227928	136628	131104	65552	8	1212	0	0
2026-09-05T00:11:45.292895+00:00	1222	6	3233730	136429	131104	65552	8	1216	0	0
2026-09-05T00:12:14.689588+00:00	1237	9	3260317	135153	131104	65552	8	1228	1	0
2026-09-05T00:12:24.133578+00:00	1242	7	3268725	139035	131104	65552	8	1235	0	0
2026-09-05T00:12:29.164356+00:00	1246	6	3284166	146068	131104	65552	8	1240	0	0
2026-09-05T00:12:45.691615+00:00	1255	7	3300581	144481	131104	65552	8	1248	0	0
2026-09-05T00:12:56.603484+00:00	1260	7	3313514	143560	131104	65552	8	1253	0	0
2026-09-05T00:13:09.427961+00:00	1263	5	3322536	139649	131104	65552	8	1258	0	0
2026-09-05T00:13:20.353335+00:00	1269	8	3330986	139077	131104	65552	8	1261	0	0
2026-09-05T00:13:26.935145+00:00	1274	7	3343931	143572	131104	65552	8	1267	0	0
2026-09-05T00:13:40.600682+00:00	1279	7	3347572	134268	131104	65552	8	1272	0	0
2026-09-05T00:13:48.309634+00:00	1284	7	3361640	144695	131104	65552	8	1277	0	0
2026-09-05T00:16:01.205251+00:00	1289	7	3394968	163955	131104	65552	8	1282	0	0
2026-09-05T00:16:06.812349+00:00	1293	6	3408421	144080	131104	65552	8	1287	0	0
2026-09-05T00:16:18.701414+00:00	1301	10	3419489	133554	131104	65552	8	1291	2	0
2026-09-05T00:16:26.220156+00:00	1304	5	3426920	138058	131104	65552	8	1299	0	0
2026-09-05T00:16:41.060474+00:00	1309	7	3434721	138428	131104	65552	8	1302	0	0
2026-09-05T00:16:47.053970+00:00	1313	6	3448846	144752	131104	65552	8	1307	0	0
2026-09-05T00:16:53.508170+00:00	1316	5	3460295	142076	131104	65552	8	1311	0	0
2026-09-05T00:17:31.686707+00:00	1322	8	3473137	143469	131104	65552	8	1314	0	0
2026-09-05T00:17:41.740351+00:00	1329	9	3493946	146715	131104	65552	8	1320	1	0
2026-09-05T00:17:51.919109+00:00	1334	7	3503833	140514	131104	65552	8	1327	0	0
2026-09-05T00:18:06.919832+00:00	1342	10	3507538	134028	131104	65552	8	1332	2	0
2026-09-05T00:18:12.528985+00:00	1346	6	3514768	137857	131104	65552	8	1340	0	0
2026-09-05T00:18:24.005005+00:00	1353	9	3522615	137713	131104	65552	8	1344	1	0
2026-09-05T00:18:37.530949+00:00	1358	7	3536654	144666	131104	65552	8	1351	0	0
2026-09-05T00:18:49.310753+00:00	1366	10	3543947	137159	131104	65552	8	1356	2	0
2026-09-05T00:18:56.273567+00:00	1369	5	3558475	145155	131104	65552	8	1364	0	0
2026-09-05T00:19:03.247085+00:00	1372	5	3585092	157244	131104	65552	8	1367	0	0
2026-09-05T00:19:14.698254+00:00	1379	9	3611767	152299	131104	65552	8	1370	1	0
2026-09-05T00:19:22.402765+00:00	1384	7	3619814	138674	131104	65552	8	1377	0	0
2026-09-05T00:19:37.717637+00:00	1389	7	3623712	134525	131104	65552	8	1382	0	0
2026-09-05T00:19:48.065203+00:00	1394	7	3633270	140185	131104	65552	8	1387	0	0
2026-09-05T00:20:01.621562+00:00	1399	7	3637283	134640	131104	65552	8	1392	0	0
2026-09-05T00:20:08.613130+00:00	1403	6	3649960	143304	131104	65552	8	1397	0	0
2026-09-05T00:20:24.459805+00:00	1407	6	3671579	152246	131104	65552	8	1401	0	0
2026-09-05T00:20:36.283349+00:00	1412	7	3679251	138299	131104	65552	8	1405	0	0
2026-09-05T00:20:45.079003+00:00	1419	9	3694293	144559	131104	65552	8	1410	1	0
2026-09-05T00:20:50.328896+00:00	1422	5	3704387	140721	131104	65552	8	1417	0	0
2026-09-05T00:21:00.454256+00:00	1428	8	3707340	133580	131104	65552	8	1420	0	0
2026-09-05T00:21:06.337819+00:00	1433	7	3722292	145579	131104	65552	8	1426	0	0
2026-09-05T00:21:29.513896+00:00	1439	8	3731508	139843	131104	65552	8	1431	0	0
2026-09-05T00:21:46.848537+00:00	1445	8	3740625	139744	131104	65552	8	1437	0	0
2026-09-05T00:22:06.207957+00:00	1454	11	3754650	136032	131104	65552	8	1443	3	0
2026-09-05T00:22:11.744716+00:00	1457	5	3762995	138972	131104	65552	8	1452	0	0
2026-09-05T00:22:22.445091+00:00	1463	8	3765807	133439	131104	65552	8	1455	0	0
2026-09-05T00:22:26.386791+00:00	1466	5	3779881	144701	131104	65552	8	1461	0	0
2026-09-05T00:22:31.200659+00:00	1469	5	3815469	166215	131104	65552	8	1464	0	0
2026-09-05T00:22:35.603228+00:00	1472	5	3829674	144832	131104	65552	8	1467	0	0
2026-09-05T00:22:41.188355+00:00	1475	5	3859216	160169	131104	65552	8	1470	0	0
2026-09-05T00:22:46.061884+00:00	1478	5	3873408	144819	131104	65552	8	1473	0	0
2026-09-05T00:22:52.811710+00:00	1482	6	3899797	157016	131104	65552	8	1476	0	0
2026-09-05T00:23:00.891039+00:00	1487	7	3919866	150696	131104	65552	8	1480	0	0
2026-09-05T00:23:17.848951+00:00	1494	9	3925167	135447	131104	65552	8	1485	1	0
2026-09-05T00:23:26.930639+00:00	1500	8	3937148	142608	131104	65552	8	1492	0	0
2026-09-05T00:23:38.450468+00:00	1508	10	3946056	134569	131104	65552	8	1498	2	0
2026-09-05T00:23:44.182149+00:00	1511	5	3954792	139363	131104	65552	8	1506	0	0
2026-09-05T00:23:51.434923+00:00	1515	6	3959483	135318	131104	65552	8	1509	0	0
2026-09-05T00:23:58.140362+00:00	1519	6	3969569	140713	131104	65552	8	1513	0	0
2026-09-05T00:24:08.146757+00:00	1526	9	3973964	133530	131104	65552	8	1517	1	0
2026-09-05T00:24:13.952054+00:00	1530	6	3991577	148240	131104	65552	8	1524	0	0
2026-09-05T00:24:35.779319+00:00	1537	9	3998477	137107	131104	65552	8	1528	1	0
2026-09-05T00:24:43.499045+00:00	1540	5	4005556	137706	131104	65552	8	1535	0	0
2026-09-05T00:24:51.506804+00:00	1545	7	4023665	148736	131104	65552	8	1538	0	0
2026-09-05T00:24:56.576094+00:00	1548	5	4031229	138191	131104	65552	8	1543	0	0
2026-09-05T00:25:04.316244+00:00	1553	7	4033500	132898	131104	65552	8	1546	0	0
2026-09-05T00:25:10.527050+00:00	1557	6	4047060	144187	131104	65552	8	1551	0	0
2026-09-05T00:25:28.744472+00:00	1562	7	4053775	137342	131104	65552	8	1555	0	0
2026-09-05T00:25:39.167142+00:00	1566	6	4065221	142073	131104	65552	8	1560	0	0
2026-09-05T00:26:33.459571+00:00	1570	6	4088385	153791	131104	65552	8	1564	0	0
2026-09-05T00:26:38.429498+00:00	1573	5	4095719	137961	131104	65552	8	1568	0	0
2026-09-05T00:26:45.179112+00:00	1576	5	4130041	164949	131104	65552	8	1571	0	0
2026-09-05T00:26:51.738813+00:00	1580	6	4136627	137213	131104	65552	8	1574	0	0
2026-09-05T00:26:58.975080+00:00	1585	7	4151430	145430	131104	65552	8	1578	0	0
2026-09-05T00:27:11.616842+00:00	1588	5	4183846	163043	131104	65552	8	1583	0	0
2026-09-05T00:27:37.160783+00:00	1593	7	4198877	145658	131104	65552	8	1586	0	0
2026-09-05T00:27:43.137651+00:00	1597	6	4209660	141410	131104	65552	8	1591	0	0
2026-09-05T00:27:49.092866+00:00	1600	5	4221688	142655	131104	65552	8	1595	0	0
2026-09-05T00:27:56.490521+00:00	1603	5	4252815	161754	131104	65552	8	1598	0	0
2026-09-05T00:28:17.849141+00:00	1608	7	4263795	141607	131104	65552	8	1601	0	0
2026-09-05T00:28:43.757515+00:00	1612	6	4280574	147406	131104	65552	8	1606	0	0
2026-09-05T00:30:09.318680+00:00	1616	6	4300383	150436	131104	65552	8	1610	0	0
2026-09-05T00:30:17.917457+00:00	1621	7	4316439	146683	131104	65552	8	1614	0	0
2026-09-05T00:30:26.932102+00:00	1627	8	4320764	134952	131104	65552	8	1619	0	0
2026-09-05T00:30:35.889526+00:00	1631	6	4339786	149649	131104	65552	8	1625	0	0
2026-09-05T00:31:43.414670+00:00	1637	8	4356582	147423	131104	65552	8	1629	0	0
2026-09-05T00:32:03.120224+00:00	1643	8	4363740	137785	131104	65552	8	1635	0	0
2026-09-05T00:32:08.324706+00:00	1645	4	4369382	136269	131104	65552	8	1641	0	0
2026-09-05T00:32:14.077433+00:00	1648	5	4379246	140491	131104	65552	8	1643	0	0
2026-09-05T00:32:22.067190+00:00	1652	6	4385640	137021	131104	65552	8	1646	0	0
2026-09-05T00:32:29.436570+00:00	1658	8	4388137	133124	131104	65552	8	1650	0	0
2026-09-05T00:32:36.124638+00:00	1662	6	4402991	145481	131104	65552	8	1656	0	0
2026-09-05T00:32:45.123731+00:00	1667	7	4410040	137676	131104	65552	8	1660	0	0
2026-09-05T00:32:50.904185+00:00	1672	7	4428584	149171	131104	65552	8	1665	0	0
2026-09-05T00:33:03.036895+00:00	1677	7	4432879	134922	131104	65552	8	1670	0	0
2026-09-05T00:33:10.233393+00:00	1682	7	4451929	149677	131104	65552	8	1675	0	0
2026-09-05T00:33:16.804613+00:00	1687	7	4453847	132545	131104	65552	8	1680	0	0
2026-09-05T00:33:23.375628+00:00	1691	6	4471350	148130	131104	65552	8	1685	0	0
2026-09-05T00:33:32.448139+00:00	1696	7	4473939	133216	131104	65552	8	1689	0	0
2026-09-05T00:33:40.112234+00:00	1701	7	4498762	155450	131104	65552	8	1694	0	0
2026-09-05T00:33:50.010164+00:00	1706	7	4525777	157642	131104	65552	8	1699	0	0
2026-09-05T00:33:58.126386+00:00	1710	6	4535161	140011	131104	65552	8	1704	0	0
2026-09-05T00:34:05.883294+00:00	1715	7	4548842	144308	131104	65552	8	1708	0	0
2026-09-05T00:34:11.582559+00:00	1718	5	4550641	132426	131104	65552	8	1713	0	0
2026-09-05T00:34:23.657274+00:00	1726	10	4560799	135184	131104	65552	8	1716	2	0
2026-09-05T00:34:30.743592+00:00	1730	6	4573576	143404	131104	65552	8	1724	0	0
2026-09-05T00:34:35.765926+00:00	1733	5	4578495	135546	131104	65552	8	1728	0	0
2026-09-05T00:34:43.682165+00:00	1738	7	4580769	132901	131104	65552	8	1731	0	0
2026-09-05T00:34:51.666105+00:00	1743	7	4593148	143006	131104	65552	8	1736	0	0
2026-09-05T00:34:56.477806+00:00	1746	5	4604473	141952	131104	65552	8	1741	0	0
2026-09-05T00:35:02.700305+00:00	1749	5	4635405	161559	131104	65552	8	1744	0	0
2026-09-05T00:35:09.850629+00:00	1753	6	4637530	132752	131104	65552	8	1747	0	0
2026-09-05T00:35:17.105038+00:00	1758	7	4657069	150166	131104	65552	8	1751	0	0
2026-09-05T00:35:37.285666+00:00	1765	9	4692020	140920	131104	65552	8	1756	1	0
2026-09-05T00:35:45.586790+00:00	1769	6	4701205	139812	131104	65552	8	1763	0	0
2026-09-05T00:35:56.138815+00:00	1775	8	4712100	141522	131104	65552	8	1767	0	0
2026-09-05T00:36:02.269188+00:00	1779	6	4723006	141533	131104	65552	8	1773	0	0
2026-09-05T00:36:18.540728+00:00	1786	9	4729347	136695	131104	65552	8	1777	1	0
2026-09-05T00:36:31.021955+00:00	1791	7	4740730	142010	131104	65552	8	1784	0	0
2026-09-05T00:37:51.131944+00:00	1797	8	4761653	151550	131104	65552	8	1789	0	0
2026-09-05T00:37:59.479516+00:00	1802	7	4771907	140881	131104	65552	8	1795	0	0
2026-09-05T00:38:23.032920+00:00	1807	7	4784743	143463	131104	65552	8	1800	0	0
2026-09-05T00:38:36.911631+00:00	1812	7	4798771	144655	131104	65552	8	1805	0	0
2026-09-05T00:38:45.160639+00:00	1817	7	4805839	137695	131104	65552	8	1810	0	0
2026-09-05T00:38:57.575901+00:00	1822	7	4814138	138926	131104	65552	8	1815	0	0
2026-09-05T00:39:07.309912+00:00	1826	6	4823320	139809	131104	65552	8	1820	0	0
2026-09-05T00:39:13.072686+00:00	1829	5	4829082	136389	131104	65552	8	1824	0	0
2026-09-05T00:39:24.828130+00:00	1835	8	4834283	135828	131104	65552	8	1827	0	0
2026-09-05T00:39:34.356690+00:00	1838	5	4848672	145016	131104	65552	8	1833	0	0
2026-09-05T00:39:40.869998+00:00	1841	5	4875239	157194	131104	65552	8	1836	0	0
2026-09-05T00:39:48.067742+00:00	1846	7	4899191	154579	131104	65552	8	1839	0	0
2026-09-05T00:39:57.391861+00:00	1852	8	4906402	137838	131104	65552	8	1844	0	0
2026-09-05T00:40:02.124676+00:00	1856	6	4923355	147580	131104	65552	8	1850	0	0
2026-09-05T00:40:32.895999+00:00	1861	7	4933688	140960	131104	65552	8	1854	0	0
2026-09-05T00:40:39.887121+00:00	1865	6	4946155	143094	131104	65552	8	1859	0	0
2026-09-05T00:40:48.201390+00:00	1870	7	4948638	133110	131104	65552	8	1863	0	0
2026-09-05T00:40:55.492348+00:00	1875	7	4968194	150183	131104	65552	8	1868	0	0
2026-09-05T00:41:06.578899+00:00	1881	8	4972050	134483	131104	65552	8	1873	0	0
2026-09-05T00:41:13.758310+00:00	1886	7	4980580	139157	131104	65552	8	1879	0	0
2026-09-05T00:41:20.831390+00:00	1891	7	4989608	139655	131104	65552	8	1884	0	0
2026-09-05T00:41:27.742579+00:00	1896	7	4997549	138568	131104	65552	8	1889	0	0
2026-09-05T00:41:35.161530+00:00	1901	7	5002718	135796	131104	65552	8	1894	0	0
2026-09-05T00:41:43.370820+00:00	1906	7	5012806	140715	131104	65552	8	1899	0	0
2026-09-05T00:41:54.483285+00:00	1912	8	5015256	133077	131104	65552	8	1904	0	0
2026-09-05T00:42:03.408913+00:00	1917	7	5030159	145530	131104	65552	8	1910	0	0
2026-09-05T00:42:10.395767+00:00	1921	6	5036694	137162	131104	65552	8	1915	0	0
2026-09-05T00:42:23.018205+00:00	1929	10	5039934	133798	131104	65552	8	1919	2	0
2026-09-05T00:42:33.204167+00:00	1936	9	5057796	148444	131104	65552	8	1927	1	0
2026-09-05T00:42:44.964729+00:00	1943	9	5061237	133656	131104	65552	8	1934	1	0
2026-09-05T00:42:50.109968+00:00	1946	5	5069829	139219	131104	65552	8	1941	0	0
2026-09-05T00:43:04.203313+00:00	1953	9	5075482	134788	131104	65552	8	1944	1	0
2026-09-05T00:43:17.776509+00:00	1958	7	5087635	142780	131104	65552	8	1951	0	0
2026-09-05T00:43:33.163311+00:00	1963	7	5101773	144765	131104	65552	8	1956	0	0
2026-09-05T00:43:43.245064+00:00	1968	7	5114644	143498	131104	65552	8	1961	0	0
2026-09-05T00:43:54.239024+00:00	1974	8	5124545	140528	131104	65552	8	1966	0	0
2026-09-05T00:44:03.298180+00:00	1980	8	5136370	142452	131104	65552	8	1972	0	0
2026-09-05T00:44:16.942636+00:00	1986	8	5146536	140793	131104	65552	8	1978	0	0
2026-09-05T00:44:25.670484+00:00	1991	7	5153512	137603	131104	65552	8	1984	0	0
2026-09-05T00:44:33.489138+00:00	1996	7	5169028	146143	131104	65552	8	1989	0	0
2026-09-05T00:44:45.890625+00:00	2002	8	5174636	136235	131104	65552	8	1994	0	0
2026-09-05T00:44:52.614488+00:00	2007	7	5182225	138216	131104	65552	8	2000	0	0
2026-09-05T00:44:59.989114+00:00	2012	7	5190329	138731	131104	65552	8	2005	0	0
2026-09-05T00:45:11.862875+00:00	2018	8	5199136	139434	131104	65552	8	2010	0	0
2026-09-05T00:45:19.901539+00:00	2024	8	5213615	145106	131104	65552	8	2016	0	0
2026-09-05T00:45:28.577922+00:00	2029	7	5230837	147849	131104	65552	8	2022	0	0
2026-09-05T00:45:36.938565+00:00	2033	6	5239756	139546	131104	65552	8	2027	0	0
2026-09-05T00:45:44.279937+00:00	2037	6	5247868	138739	131104	65552	8	2031	0	0
2026-09-05T00:45:51.693895+00:00	2041	6	5260677	143436	131104	65552	8	2035	0	0
2026-09-05T00:45:58.527293+00:00	2045	6	5266973	136923	131104	65552	8	2039	0	0
2026-09-05T00:46:05.422927+00:00	2049	6	5275434	139088	131104	65552	8	2043	0	0
2026-09-05T00:46:17.055211+00:00	2055	8	5291069	146262	131104	65552	8	2047	0	0
2026-09-05T00:46:27.215363+00:00	2062	6	5334134	164925	131104	65552	8	2056	0	0
2026-09-05T00:46:43.622064+00:00	2071	6	5346793	136082	131104	65552	8	2065	0	0
2026-09-05T00:46:50.785056+00:00	2077	8	5366934	150768	131104	65552	8	2069	0	0
2026-09-05T00:47:23.621229+00:00	2083	8	5375873	139566	131104	65552	8	2075	0	0
2026-09-05T00:47:30.952055+00:00	2088	7	5388544	143298	131104	65552	8	2081	0	0
2026-09-05T00:47:35.773016+00:00	2091	5	5402680	144763	131104	65552	8	2086	0	0
2026-09-05T00:47:47.401407+00:00	2098	9	5430528	133817	131104	65552	8	2089	1	0
2026-09-05T00:47:56.986033+00:00	2105	9	5445973	144261	131104	65552	8	2096	1	0
2026-09-05T00:48:29.185308+00:00	2112	9	5462847	143723	131104	65552	8	2103	1	0
2026-09-05T00:48:39.939073+00:00	2117	7	5470767	138547	131104	65552	8	2110	0	0
2026-09-05T00:48:58.559111+00:00	2123	8	5479075	138935	131104	65552	8	2115	0	0
2026-09-05T00:49:06.861333+00:00	2129	8	5493930	145482	131104	65552	8	2121	0	0
2026-09-05T00:49:18.013181+00:00	2135	8	5507073	143770	131104	65552	8	2127	0	0
2026-09-05T00:49:25.183054+00:00	2139	6	5524762	148316	131104	65552	8	2133	0	0
2026-09-05T00:49:43.400073+00:00	2145	8	5530959	136824	131104	65552	8	2137	0	0
2026-09-05T00:49:59.522554+00:00	2150	7	5544419	144087	131104	65552	8	2143	0	0
2026-09-05T00:50:11.855791+00:00	2156	8	5551195	137403	131104	65552	8	2148	0	0
2026-09-05T00:50:27.670224+00:00	2160	6	5563008	142440	131104	65552	8	2154	0	0
2026-09-05T00:50:45.338+00:00	2165	7	5567673	135292	131104	65552	8	2158	0	0
2026-09-05T00:50:52.621700+00:00	2170	7	5578274	141228	131104	65552	8	2163	0	0
2026-09-05T00:51:05.644708+00:00	2175	7	5589068	141421	131104	65552	8	2168	0	0
2026-09-05T00:51:21.024285+00:00	2181	8	5597514	139073	131104	65552	8	2173	0	0
2026-09-05T00:51:30.665161+00:00	2186	7	5609563	142676	131104	65552	8	2179	0	0
2026-09-05T00:51:39.235322+00:00	2190	6	5616942	138006	131104	65552	8	2184	0	0
2026-09-05T00:51:52.692103+00:00	2196	8	5626198	139883	131104	65552	8	2188	0	0
2026-09-05T00:52:00.947744+00:00	2201	7	5628957	133386	131104	65552	8	2194	0	0
2026-09-05T00:52:08.822046+00:00	2206	7	5641234	142904	131104	65552	8	2199	0	0
2026-09-05T00:52:18.726390+00:00	2211	7	5643620	133013	131104	65552	8	2204	0	0
2026-09-05T00:52:23.381986+00:00	2215	6	5658823	145830	131104	65552	8	2209	0	0
2026-09-05T00:52:34.701243+00:00	2221	8	5664346	136150	131104	65552	8	2213	0	0
2026-09-05T00:52:42.259174+00:00	2227	8	5677119	143400	131104	65552	8	2219	0	0
2026-09-05T00:52:58.719963+00:00	2234	9	5681658	135171	131104	65552	8	2225	1	0
2026-09-05T00:53:04.281843+00:00	2237	5	5689531	138500	131104	65552	8	2232	0	0
2026-09-05T00:53:10.624028+00:00	2240	5	5696334	137430	131104	65552	8	2235	0	0
2026-09-05T00:53:19.366866+00:00	2244	6	5703559	137852	131104	65552	8	2238	0	0
2026-09-05T00:53:26.747444+00:00	2249	7	5712044	139112	131104	65552	8	2242	0	0
2026-09-05T00:53:32.353745+00:00	2252	5	5722177	140760	131104	65552	8	2247	0	0
2026-09-05T00:53:41.177754+00:00	2256	6	5728361	136811	131104	65552	8	2250	0	0
2026-09-05T00:53:47.909534+00:00	2260	6	5745920	148186	131104	65552	8	2254	0	0
2026-09-05T00:53:57.479296+00:00	2266	8	5748298	133005	131104	65552	8	2258	0	0
2026-09-05T00:54:06.318085+00:00	2270	6	5756564	138893	131104	65552	8	2264	0	0
2026-09-05T00:54:25.077118+00:00	2279	6	5772220	138457	131104	65552	8	2273	0	0
2026-09-05T00:54:33.337304+00:00	2284	7	5777727	136134	131104	65552	8	2277	0	0
2026-09-05T00:54:49.232777+00:00	2288	6	5785934	138834	131104	65552	8	2282	0	0
2026-09-05T00:54:58.515495+00:00	2292	6	5792180	136873	131104	65552	8	2286	0	0
2026-09-05T00:55:05.801605+00:00	2297	7	5801542	139989	131104	65552	8	2290	0	0
2026-09-05T00:55:14.755052+00:00	2302	7	5805060	134145	131104	65552	8	2295	0	0
2026-09-05T00:55:23.131888+00:00	2307	7	5821534	147101	131104	65552	8	2300	0	0
2026-09-05T00:55:35.006308+00:00	2313	8	5827245	136338	131104	65552	8	2305	0	0
2026-09-05T00:55:39.875813+00:00	2317	6	5844996	148378	131104	65552	8	2311	0	0
2026-09-05T00:55:50.988667+00:00	2321	6	5872674	158305	131104	65552	8	2315	0	0
2026-09-05T00:56:02.070480+00:00	2327	8	5883126	141079	131104	65552	8	2319	0	0
2026-09-05T00:56:16.673963+00:00	2333	8	5894270	141771	131104	65552	8	2325	0	0
2026-09-05T00:56:27.086952+00:00	2337	6	5902888	139245	131104	65552	8	2331	0	0
2026-09-05T00:56:50.347729+00:00	2341	6	5912149	139888	131104	65552	8	2335	0	0
2026-09-05T00:57:05.126773+00:00	2346	7	5926924	145402	131104	65552	8	2339	0	0
2026-09-05T00:57:12.903024+00:00	2351	7	5930618	134321	131104	65552	8	2344	0	0
2026-09-05T00:57:18.801448+00:00	2355	6	5941452	141461	131104	65552	8	2349	0	0
2026-09-05T00:57:30.270529+00:00	2361	8	5944977	134152	131104	65552	8	2353	0	0
2026-09-05T00:57:38.680393+00:00	2367	8	5967288	152938	131104	65552	8	2359	0	0
2026-09-05T00:57:49.473423+00:00	2372	7	5971225	134564	131104	65552	8	2365	0	0
2026-09-05T00:57:58.665681+00:00	2377	7	5984179	143581	131104	65552	8	2370	0	0
2026-09-05T00:58:18.876894+00:00	2383	8	5997138	143586	131104	65552	8	2375	0	0
2026-09-05T00:58:26.628391+00:00	2388	7	6006147	139636	131104	65552	8	2381	0	0
2026-09-05T00:58:34.583484+00:00	2393	7	6018446	142926	131104	65552	8	2386	0	0
2026-09-05T00:58:43.620256+00:00	2397	6	6029245	141426	131104	65552	8	2391	0	0
2026-09-05T00:59:04.077203+00:00	2403	8	6035372	136754	131104	65552	8	2395	0	0
2026-09-05T00:59:11.532947+00:00	2407	6	6049176	144431	131104	65552	8	2401	0	0
2026-09-05T00:59:21.271860+00:00	2413	8	6051361	132812	131104	65552	8	2405	0	0
2026-09-05T00:59:26.818811+00:00	2416	5	6060375	139641	131104	65552	8	2411	0	0
2026-09-05T00:59:35.439502+00:00	2421	7	6063793	134045	131104	65552	8	2414	0	0
2026-09-05T00:59:42.420680+00:00	2426	7	6076377	143211	131104	65552	8	2419	0	0
2026-09-05T00:59:54.563292+00:00	2430	6	6121890	176140	131104	65552	8	2424	0	0
2026-09-05T01:00:00.057794+00:00	2432	4	6127909	136646	131104	65552	8	2428	0	0
2026-09-05T01:00:09.543634+00:00	2437	7	6131097	133815	131104	65552	8	2430	0	0
2026-09-05T01:00:16.991745+00:00	2442	7	6147314	146844	131104	65552	8	2435	0	0
2026-09-05T01:00:43.236633+00:00	2458	6	6218903	145889	131104	65552	8	2452	0	0
2026-09-05T01:00:59.403242+00:00	2464	8	6224985	136709	131104	65552	8	2456	0	0
2026-09-05T01:01:04.903100+00:00	2466	4	6230155	135797	131104	65552	8	2462	0	0
2026-09-05T01:01:23.014392+00:00	2478	7	6246530	143068	131104	65552	8	2471	0	0
2026-09-05T01:01:38.085947+00:00	2484	8	6256196	140293	131104	65552	8	2476	0	0
2026-09-05T01:02:21.738038+00:00	2511	7	6299771	140711	131104	65552	8	2504	0	0
2026-09-05T01:02:52.036643+00:00	2527	7	6319814	133680	131104	65552	8	2520	0	0
2026-09-05T01:03:02.436432+00:00	2531	6	6335986	146799	131104	65552	8	2525	0	0
2026-09-05T01:03:12.860485+00:00	2537	8	6339179	133820	131104	65552	8	2529	0	0
2026-09-05T01:03:22.067365+00:00	2542	7	6351318	142766	131104	65552	8	2535	0	0
2026-09-05T01:03:37.663651+00:00	2551	5	6375984	145074	131104	65552	8	2546	0	0
2026-09-05T01:03:44.670925+00:00	2555	6	6377988	132631	131104	65552	8	2549	0	0
2026-09-05T01:03:52.419185+00:00	2559	6	6393099	145738	131104	65552	8	2553	0	0
2026-09-05T01:04:32.380703+00:00	2581	8	6427529	134830	131104	65552	8	2573	0	0
2026-09-05T01:04:37.897300+00:00	2584	5	6440553	143651	131104	65552	8	2579	0	0
2026-09-05T01:04:58.616524+00:00	2590	8	6447231	137305	131104	65552	8	2582	0	0
2026-09-05T01:05:16.874973+00:00	2600	12	6470343	141279	131104	65552	8	2588	4	0
2026-09-05T01:05:23.030895+00:00	2604	6	6476661	136945	131104	65552	8	2598	0	0
2026-09-05T01:05:33.403562+00:00	2609	7	6483582	137548	131104	65552	8	2602	0	0
2026-09-05T01:06:02.316240+00:00	2625	5	6537431	161982	131104	65552	8	2620	0	0
2026-09-05T01:06:57.649248+00:00	2658	6	6588714	141981	131104	65552	8	2652	0	0
2026-09-05T01:08:01.674228+00:00	2694	6	6659164	144217	131104	65552	8	2688	0	0
2026-09-05T01:08:35.903997+00:00	2713	7	6689375	135900	131104	65552	8	2706	0	0
2026-09-05T01:09:07.516945+00:00	2718	7	6707980	149232	131104	65552	8	2711	0	0
2026-09-05T01:09:17.147266+00:00	2723	7	6720103	142750	131104	65552	8	2716	0	0
2026-09-05T01:09:23.749717+00:00	2727	6	6732919	143443	131104	65552	8	2721	0	0
2026-09-05T01:09:37.261497+00:00	2731	6	6736130	133838	131104	65552	8	2725	0	0
2026-09-05T01:09:44.284225+00:00	2735	6	6737922	132419	131104	65552	8	2729	0	0
2026-09-05T01:09:49.079027+00:00	2738	5	6748258	140963	131104	65552	8	2733	0	0
2026-09-05T01:09:54.743894+00:00	2741	5	6774415	156784	131104	65552	8	2736	0	0
2026-09-05T01:10:01.172157+00:00	2746	7	6798203	154415	131104	65552	8	2739	0	0
2026-09-05T01:10:09.596375+00:00	2751	7	6801700	134124	131104	65552	8	2744	0	0
2026-09-05T01:10:15.539676+00:00	2755	6	6819535	148462	131104	65552	8	2749	0	0
2026-09-05T01:10:24.330367+00:00	2760	7	6822018	133110	131104	65552	8	2753	0	0
2026-09-05T01:10:44.782708+00:00	2770	7	6836611	133522	131104	65552	8	2763	0	0
2026-09-05T01:10:57.681228+00:00	2775	7	6842722	136738	131104	65552	8	2768	0	0
2026-09-05T01:11:05.596476+00:00	2780	7	6852678	140583	131104	65552	8	2773	0	0
2026-09-05T01:11:25.995929+00:00	2791	6	6869769	132788	131104	65552	8	2785	0	0
2026-09-05T01:12:08.747078+00:00	2815	5	6958469	138365	131104	65552	8	2810	0	0
2026-09-05T01:12:19.492713+00:00	2818	5	6993568	165726	131104	65552	8	2813	0	0
2026-09-05T01:12:26.100242+00:00	2821	5	7000145	137204	131104	65552	8	2816	0	0
2026-09-05T01:12:44.922998+00:00	2834	6	7060147	140898	131104	65552	8	2828	0	0
2026-09-05T01:12:51.850969+00:00	2838	6	7072422	142902	131104	65552	8	2832	0	0
2026-09-05T01:13:27.919906+00:00	2857	6	7140329	138834	131104	65552	8	2851	0	0
2026-09-05T01:13:58.857542+00:00	2874	8	7187040	135986	131104	65552	8	2866	0	0
2026-09-05T01:14:25.908879+00:00	2884	7	7211088	135867	131104	65552	8	2877	0	0
2026-09-05T01:14:32.858489+00:00	2889	7	7222668	142207	131104	65552	8	2882	0	0
2026-09-05T01:14:39.067273+00:00	2893	6	7258458	166417	131104	65552	8	2887	0	0
2026-09-05T01:14:47.182220+00:00	2898	7	7266043	138212	131104	65552	8	2891	0	0
2026-09-05T01:15:01.815545+00:00	2905	5	7289973	138631	131104	65552	8	2900	0	0
2026-09-05T01:15:10.948683+00:00	2910	7	7292410	133064	131104	65552	8	2903	0	0
2026-09-05T01:15:16.313528+00:00	2913	5	7302956	141173	131104	65552	8	2908	0	0
2026-09-05T01:15:28.043524+00:00	2919	5	7317969	139213	131104	65552	8	2914	0	0
2026-09-05T01:15:37.322453+00:00	2923	6	7320430	133088	131104	65552	8	2917	0	0
2026-09-05T01:15:55.636995+00:00	2933	6	7342683	132064	131104	65552	8	2927	0	0
2026-09-05T01:16:15.408661+00:00	2943	7	7357566	135038	131104	65552	8	2936	0	0
2026-09-05T01:16:25.096059+00:00	2947	6	7370072	143133	131104	65552	8	2941	0	0
2026-09-05T01:16:41.410161+00:00	2954	9	7377131	136925	131104	65552	8	2945	1	0
2026-09-05T01:16:54.358806+00:00	2960	8	7387588	141084	131104	65552	8	2952	0	0
2026-09-05T01:17:04.825855+00:00	2966	8	7395153	138192	131104	65552	8	2958	0	0
2026-09-05T01:17:14.264153+00:00	2971	7	7404184	139658	131104	65552	8	2964	0	0
2026-09-05T01:17:22.041159+00:00	2975	6	7412186	138629	131104	65552	8	2969	0	0
2026-09-05T01:17:27.932442+00:00	2978	5	7421844	140285	131104	65552	8	2973	0	0
2026-09-05T01:17:50.711355+00:00	2984	8	7429921	138704	131104	65552	8	2976	0	0
2026-09-05T01:17:57.331695+00:00	2988	6	7444187	144893	131104	65552	8	2982	0	0
2026-09-05T01:18:10.363703+00:00	2994	8	7450940	137380	131104	65552	8	2986	0	0
2026-09-05T01:18:18.875186+00:00	2999	7	7460307	139994	131104	65552	8	2992	0	0
2026-09-05T01:18:39.643935+00:00	3005	8	7467998	138318	131104	65552	8	2997	0	0
2026-09-05T01:18:49.288476+00:00	3012	9	7492097	149723	131104	65552	8	3003	1	0
2026-09-05T01:18:54.384681+00:00	3014	4	7498094	136624	131104	65552	8	3010	0	0
2026-09-05T01:19:04.149867+00:00	3020	8	7501105	133638	131104	65552	8	3012	0	0
2026-09-05T01:19:32.835512+00:00	3033	5	7538828	141006	131104	65552	8	3028	0	0
2026-09-05T01:20:49.264096+00:00	3038	7	7567962	159761	131104	65552	8	3031	0	0
2026-09-05T01:21:00.051029+00:00	3043	7	7583747	146412	131104	65552	8	3036	0	0
2026-09-05T01:21:18.950465+00:00	3049	8	7599073	145953	131104	65552	8	3041	0	0
2026-09-05T01:21:26.156940+00:00	3053	6	7614320	145874	131104	65552	8	3047	0	0
2026-09-05T01:21:32.119804+00:00	3057	6	7627361	143668	131104	65552	8	3051	0	0
2026-09-05T01:21:37.179829+00:00	3060	5	7658056	161322	131104	65552	8	3055	0	0
2026-09-05T01:21:46.184496+00:00	3065	7	7668972	141543	131104	65552	8	3058	0	0
2026-09-05T01:21:54.056110+00:00	3071	8	7687293	148948	131104	65552	8	3063	0	0
2026-09-05T01:22:05.412397+00:00	3076	7	7708105	151439	131104	65552	8	3069	0	0
2026-09-05T01:22:13.420826+00:00	3079	5	7739638	162160	131104	65552	8	3074	0	0
2026-09-05T01:24:38.577612+00:00	3086	9	7789669	172539	131104	65552	8	3077	1	0
2026-09-05T01:24:47.394951+00:00	3091	7	7802420	143378	131104	65552	8	3084	0	0
2026-09-05T01:24:58.663216+00:00	3096	7	7809813	138020	131104	65552	8	3089	0	0
2026-09-05T01:25:04.746758+00:00	3100	6	7820595	141409	131104	65552	8	3094	0	0
2026-09-05T01:25:28.932623+00:00	3105	7	7827429	137461	131104	65552	8	3098	0	0
2026-09-05T01:25:37.995604+00:00	3110	7	7848315	151513	131104	65552	8	3103	0	0
2026-09-05T01:25:50.344655+00:00	3114	6	7854769	137081	131104	65552	8	3108	0	0
2026-09-05T01:25:56.901200+00:00	3118	6	7865622	141480	131104	65552	8	3112	0	0
2026-09-05T01:26:06.587872+00:00	3123	7	7869275	134280	131104	65552	8	3116	0	0
2026-09-05T01:26:12.616040+00:00	3126	5	7879073	140425	131104	65552	8	3121	0	0
2026-09-05T01:26:23.447617+00:00	3131	7	7883365	134919	131104	65552	8	3124	0	0
2026-09-05T01:26:31.896389+00:00	3136	7	7898909	146171	131104	65552	8	3129	0	0
2026-09-05T01:26:44.221516+00:00	3141	7	7901894	133612	131104	65552	8	3134	0	0
2026-09-05T01:26:57.802891+00:00	3145	6	7918921	147654	131104	65552	8	3139	0	0
2026-09-05T01:27:03.297581+00:00	3149	6	7962918	174624	131104	65552	8	3143	0	0
2026-09-05T01:27:09.302974+00:00	3152	5	7969422	137131	131104	65552	8	3147	0	0
2026-09-05T01:27:17.702794+00:00	3157	7	7985862	147067	131104	65552	8	3150	0	0
2026-09-05T01:27:25.455071+00:00	3160	5	7994103	138868	131104	65552	8	3155	0	0
2026-09-05T01:27:39.334667+00:00	3164	6	8038845	175369	131104	65552	8	3158	0	0
2026-09-05T01:27:45.194313+00:00	3167	5	8045521	137303	131104	65552	8	3162	0	0
2026-09-05T01:27:52.402290+00:00	3171	6	8052712	137818	131104	65552	8	3165	0	0
2026-09-05T01:28:01.377922+00:00	3176	7	8076398	154313	131104	65552	8	3169	0	0
2026-09-05T01:28:10.885273+00:00	3181	7	8103934	158163	131104	65552	8	3174	0	0
2026-09-05T01:28:23.464510+00:00	3186	7	8116358	143051	131104	65552	8	3179	0	0
2026-09-05T01:28:36.102603+00:00	3191	7	8123999	138268	131104	65552	8	3184	0	0
2026-09-05T01:28:42.424617+00:00	3195	6	8138825	145453	131104	65552	8	3189	0	0
2026-09-05T01:28:53.348094+00:00	3201	8	8143588	135390	131104	65552	8	3193	0	0
2026-09-05T01:28:59.569151+00:00	3205	6	8158250	145289	131104	65552	8	3199	0	0
2026-09-05T01:29:05.998525+00:00	3209	6	8160119	132496	131104	65552	8	3203	0	0
2026-09-05T01:29:11.227901+00:00	3213	6	8174186	144694	131104	65552	8	3207	0	0
2026-09-05T01:29:22.478789+00:00	3219	8	8179750	136191	131104	65552	8	3211	0	0
2026-09-05T01:29:28.433163+00:00	3223	6	8189351	140228	131104	65552	8	3217	0	0
2026-09-05T01:29:34.239153+00:00	3227	6	8201573	142849	131104	65552	8	3221	0	0
2026-09-05T01:29:40.628808+00:00	3231	6	8207329	136383	131104	65552	8	3225	0	0
2026-09-05T01:29:47.653694+00:00	3236	7	8213270	136568	131104	65552	8	3229	0	0
2026-09-05T01:29:54.656923+00:00	3240	6	8220133	137490	131104	65552	8	3234	0	0
2026-09-05T01:30:01.945980+00:00	3244	6	8225800	136294	131104	65552	8	3238	0	0
2026-09-05T01:30:13.088776+00:00	3249	7	8234396	139223	131104	65552	8	3242	0	0
2026-09-05T01:30:23.731471+00:00	3255	8	8242953	139184	131104	65552	8	3247	0	0
2026-09-05T01:30:36.987153+00:00	3257	4	8249989	137663	131104	65552	8	3253	0	0
2026-09-05T01:30:42.950339+00:00	3261	6	8261955	142593	131104	65552	8	3255	0	0
2026-09-05T01:30:52.155484+00:00	3265	6	8270857	139529	131104	65552	8	3259	0	0
2026-09-05T01:30:59.820204+00:00	3271	8	8276262	136032	131104	65552	8	3263	0	0
2026-09-05T01:31:07.522278+00:00	3276	7	8295028	149393	131104	65552	8	3269	0	0
2026-09-05T01:31:23.429201+00:00	3282	8	8299534	135133	131104	65552	8	3274	0	0
2026-09-05T01:31:33.651138+00:00	3290	10	8321070	146483	131104	65552	8	3280	2	0
2026-09-05T01:31:42.483506+00:00	3294	6	8327967	137524	131104	65552	8	3288	0	0
2026-09-05T01:31:50.392161+00:00	3299	7	8329924	132584	131104	65552	8	3292	0	0
2026-09-05T01:31:55.797136+00:00	3302	5	8341616	142319	131104	65552	8	3297	0	0
2026-09-05T01:32:07.271709+00:00	3308	8	8346083	135094	131104	65552	8	3300	0	0
2026-09-05T01:32:17.947192+00:00	3316	10	8366245	143309	131104	65552	8	3306	2	0
2026-09-05T01:32:40.513045+00:00	3321	7	8381209	145591	131104	65552	8	3314	0	0
2026-09-05T01:32:55.520585+00:00	3328	9	8385735	134197	131104	65552	8	3319	1	0
2026-09-05T01:33:08.526892+00:00	3335	9	8395543	139422	131104	65552	8	3326	1	0
2026-09-05T01:33:20.455314+00:00	3343	10	8402642	134824	131104	65552	8	3333	2	0
2026-09-05T01:33:28.329252+00:00	3348	7	8416917	144902	131104	65552	8	3341	0	0
2026-09-05T01:37:23.027243+00:00	3353	7	8474555	188265	131104	65552	8	3346	0	0
2026-09-05T01:37:28.610499+00:00	3356	5	8477979	134051	131104	65552	8	3351	0	0
2026-09-05T01:37:33.391944+00:00	3359	5	8484285	136933	131104	65552	8	3354	0	0
2026-09-05T01:37:43.382032+00:00	3365	8	8494721	141063	131104	65552	8	3357	0	0
2026-09-05T01:37:59.420206+00:00	3372	9	8509600	142543	131104	65552	8	3363	1	0
2026-09-05T01:38:16.555287+00:00	3378	8	8518157	139184	131104	65552	8	3370	0	0
2026-09-05T01:38:25.348367+00:00	3383	7	8527224	139694	131104	65552	8	3376	0	0
2026-09-05T01:38:39.160219+00:00	3391	10	8533334	134209	131104	65552	8	3381	2	0
2026-09-05T01:38:44.895741+00:00	3394	5	8547904	145197	131104	65552	8	3389	0	0
2026-09-05T01:38:50.799396+00:00	3397	5	8574177	156900	131104	65552	8	3392	0	0
2026-09-05T01:38:57.422740+00:00	3400	5	8586468	142918	131104	65552	8	3395	0	0
2026-09-05T01:39:15.132103+00:00	3406	8	8591518	135677	131104	65552	8	3398	0	0
2026-09-05T01:39:24.073061+00:00	3412	8	8608651	147760	131104	65552	8	3404	0	0
2026-09-05T01:39:33.809414+00:00	3416	6	8617773	139749	131104	65552	8	3410	0	0
2026-09-05T01:39:42.601847+00:00	3421	7	8627632	140486	131104	65552	8	3414	0	0
2026-09-05T01:39:52.932958+00:00	3425	6	8632801	135796	131104	65552	8	3419	0	0
2026-09-05T01:39:58.583497+00:00	3428	5	8640904	138730	131104	65552	8	3423	0	0
2026-09-05T01:40:11.401274+00:00	3432	6	8654231	143954	131104	65552	8	3426	0	0
2026-09-05T01:40:29.520442+00:00	3436	6	8663443	139839	131104	65552	8	3430	0	0
2026-09-05T01:40:37.888091+00:00	3441	7	8671093	138277	131104	65552	8	3434	0	0
2026-09-05T01:40:47.576865+00:00	3445	6	8681692	141226	131104	65552	8	3439	0	0
2026-09-05T01:40:57.475843+00:00	3450	7	8688141	137076	131104	65552	8	3443	0	0
2026-09-05T01:41:06.854720+00:00	3454	6	8697616	140102	131104	65552	8	3448	0	0
2026-09-05T01:41:15.789072+00:00	3458	6	8699415	132426	131104	65552	8	3452	0	0
2026-09-05T01:41:20.409976+00:00	3461	5	8713538	144750	131104	65552	8	3456	0	0
2026-09-05T01:41:25.799384+00:00	3464	5	8739711	156800	131104	65552	8	3459	0	0
2026-09-05T01:41:32.087329+00:00	3468	6	8755517	146433	131104	65552	8	3462	0	0
2026-09-05T01:41:37.990227+00:00	3471	5	8766765	141875	131104	65552	8	3466	0	0
2026-09-05T01:41:43.675543+00:00	3474	5	8773116	136978	131104	65552	8	3469	0	0
2026-09-05T01:41:52.307187+00:00	3480	8	8780306	137817	131104	65552	8	3472	0	0
2026-09-05T01:41:57.938864+00:00	3484	6	8798090	148411	131104	65552	8	3478	0	0
2026-09-05T01:42:20.301944+00:00	3489	7	8806086	138623	131104	65552	8	3482	0	0
2026-09-05T01:42:28.283768+00:00	3493	6	8825044	149585	131104	65552	8	3487	0	0
2026-09-05T01:42:35.943532+00:00	3497	6	8851606	157189	131104	65552	8	3491	0	0
2026-09-05T01:42:41.732441+00:00	3500	5	8863874	142895	131104	65552	8	3495	0	0
2026-09-05T01:42:48.979903+00:00	3504	6	8873838	140591	131104	65552	8	3498	0	0
2026-09-05T01:42:59.051407+00:00	3508	6	8884296	141085	131104	65552	8	3502	0	0
2026-09-05T01:43:10.564847+00:00	3513	7	8897113	143444	131104	65552	8	3506	0	0
2026-09-05T01:43:16.294110+00:00	3517	6	8907675	141189	131104	65552	8	3511	0	0
2026-09-05T01:43:29.371297+00:00	3522	7	8913067	136019	131104	65552	8	3515	0	0
2026-09-05T01:43:37.640121+00:00	3527	7	8933582	151142	131104	65552	8	3520	0	0
2026-09-05T01:43:46.447028+00:00	3532	7	8936418	133463	131104	65552	8	3525	0	0
2026-09-05T01:43:52.879402+00:00	3536	6	8947161	141370	131104	65552	8	3530	0	0
2026-09-05T01:44:02.687051+00:00	3540	6	8958655	142121	131104	65552	8	3534	0	0
2026-09-05T01:44:11.696422+00:00	3544	6	8971070	143042	131104	65552	8	3538	0	0
2026-09-05T01:44:28.442718+00:00	3550	8	8975082	134639	131104	65552	8	3542	0	0
2026-09-05T01:44:37.816439+00:00	3556	8	8977546	133091	131104	65552	8	3548	0	0
2026-09-05T01:44:42.496596+00:00	3559	5	8991897	144978	131104	65552	8	3554	0	0
2026-09-05T01:44:50.198953+00:00	3563	6	9018478	157208	131104	65552	8	3557	0	0
2026-09-05T01:44:58.212718+00:00	3567	6	9032016	144165	131104	65552	8	3561	0	0
2026-09-05T01:45:04.180064+00:00	3571	6	9068221	166832	131104	65552	8	3565	0	0
2026-09-05T01:45:12.683068+00:00	3576	7	9075230	137636	131104	65552	8	3569	0	0
2026-09-05T01:45:20.392093+00:00	3581	7	9085229	140626	131104	65552	8	3574	0	0
2026-09-05T01:45:25.773566+00:00	3584	5	9099536	144934	131104	65552	8	3579	0	0
2026-09-05T01:45:35.048529+00:00	3590	8	9127527	158618	131104	65552	8	3582	0	0
2026-09-05T01:45:43.255294+00:00	3595	7	9152372	155472	131104	65552	8	3588	0	0
2026-09-05T01:45:51.036252+00:00	3599	6	9155326	133581	131104	65552	8	3593	0	0
2026-09-05T01:45:56.022845+00:00	3603	6	9171982	147283	131104	65552	8	3597	0	0
2026-09-05T01:46:08.776454+00:00	3609	8	9175945	134590	131104	65552	8	3601	0	0
2026-09-05T01:46:18.718168+00:00	3616	9	9197224	148626	131104	65552	8	3607	1	0
2026-09-05T01:46:28.715391+00:00	3619	5	9207942	141345	131104	65552	8	3614	0	0
2026-09-05T01:46:52.377208+00:00	3624	7	9217116	139801	131104	65552	8	3617	0	0
2026-09-05T01:47:00.449771+00:00	3629	7	9226072	139583	131104	65552	8	3622	0	0
2026-09-05T01:47:12.893131+00:00	3636	9	9230078	134585	131104	65552	8	3627	1	0
2026-09-05T01:47:19.281786+00:00	3639	5	9239753	140302	131104	65552	8	3634	0	0
2026-09-05T01:47:32.189+00:00	3644	7	9251179	142053	131104	65552	8	3637	0	0
2026-09-05T01:47:44.089673+00:00	3649	7	9260082	139530	131104	65552	8	3642	0	0
2026-09-05T01:47:57.705810+00:00	3655	8	9265147	135692	131104	65552	8	3647	0	0
2026-09-05T01:48:10.432572+00:00	3661	8	9282902	148382	131104	65552	8	3653	0	0
2026-09-05T01:48:28.890363+00:00	3667	8	9288683	136408	131104	65552	8	3659	0	0
2026-09-05T01:48:36.721052+00:00	3671	6	9300162	142106	131104	65552	8	3665	0	0
2026-09-05T01:48:43.236364+00:00	3674	5	9331954	162419	131104	65552	8	3669	0	0
2026-09-05T01:48:53.930759+00:00	3677	5	9338394	137067	131104	65552	8	3672	0	0
2026-09-05T01:49:02.129799+00:00	3682	7	9349067	141300	131104	65552	8	3675	0	0
2026-09-05T01:49:07.100159+00:00	3685	5	9359951	141511	131104	65552	8	3680	0	0
2026-09-05T01:49:12.811984+00:00	3688	5	9370589	141265	131104	65552	8	3683	0	0
2026-09-05T01:49:19.998615+00:00	3692	6	9388901	148939	131104	65552	8	3686	0	0
2026-09-05T01:49:29.411599+00:00	3696	6	9401309	143035	131104	65552	8	3690	0	0
2026-09-05T01:49:48.065029+00:00	3700	6	9412146	141464	131104	65552	8	3694	0	0
2026-09-05T01:50:04.020214+00:00	3705	7	9420002	138483	131104	65552	8	3698	0	0
2026-09-05T01:50:10.620422+00:00	3709	6	9431333	141958	131104	65552	8	3703	0	0
2026-09-05T01:50:24.359081+00:00	3716	9	9436726	135810	131104	65552	8	3707	1	0
2026-09-05T01:50:36.261684+00:00	3720	6	9446240	140141	131104	65552	8	3714	0	0
2026-09-05T01:50:48.018557+00:00	3726	8	9453491	137878	131104	65552	8	3718	0	0
2026-09-05T01:50:56.049568+00:00	3731	7	9461383	138519	131104	65552	8	3724	0	0
2026-09-05T01:51:07.140217+00:00	3738	9	9464072	133219	131104	65552	8	3729	1	0
2026-09-05T01:51:13.051311+00:00	3742	6	9481094	147649	131104	65552	8	3736	0	0
2026-09-05T01:51:28.468883+00:00	3747	7	9509444	158977	131104	65552	8	3740	0	0
2026-09-05T01:51:36.208841+00:00	3752	7	9524449	145632	131104	65552	8	3745	0	0
2026-09-05T01:51:43.909189+00:00	3755	5	9559035	165213	131104	65552	8	3750	0	0
2026-09-05T01:51:50.896328+00:00	3758	5	9566028	137620	131104	65552	8	3753	0	0
2026-09-05T01:51:58.673567+00:00	3763	7	9586855	151454	131104	65552	8	3756	0	0
2026-09-05T01:52:05.588825+00:00	3766	5	9618015	161787	131104	65552	8	3761	0	0
2026-09-05T01:52:40.901304+00:00	3771	7	9627206	139818	131104	65552	8	3764	0	0
2026-09-05T01:52:50.052569+00:00	3778	9	9645027	146637	131104	65552	8	3769	1	0
2026-09-05T01:52:54.938499+00:00	3780	4	9650919	136519	131104	65552	8	3776	0	0
2026-09-05T01:53:00.368763+00:00	3783	5	9685107	164815	131104	65552	8	3778	0	0
2026-09-05T01:53:06.248080+00:00	3786	5	9693439	138959	131104	65552	8	3781	0	0
2026-09-05T01:53:16.673675+00:00	3790	6	9699360	136548	131104	65552	8	3784	0	0
2026-09-05T01:53:24.576476+00:00	3795	7	9724198	155465	131104	65552	8	3788	0	0
2026-09-05T01:53:33.773752+00:00	3801	8	9727229	133658	131104	65552	8	3793	0	0
2026-09-05T01:53:43.143861+00:00	3806	7	9738526	141924	131104	65552	8	3799	0	0
2026-09-05T01:53:52.432554+00:00	3810	6	9741869	133970	131104	65552	8	3804	0	0
2026-09-05T01:53:59.457989+00:00	3815	7	9763603	152361	131104	65552	8	3808	0	0
2026-09-05T01:54:14.108461+00:00	3820	7	9768161	135185	131104	65552	8	3813	0	0
2026-09-05T01:54:22.943971+00:00	3825	7	9779190	141656	131104	65552	8	3818	0	0
2026-09-05T01:54:31.228427+00:00	3830	7	9788660	140097	131104	65552	8	3823	0	0
2026-09-05T01:54:41.508827+00:00	3836	8	9796775	138742	131104	65552	8	3828	0	0
2026-09-05T01:54:52.026808+00:00	3842	8	9805258	139110	131104	65552	8	3834	0	0
2026-09-05T01:55:08.024415+00:00	3850	10	9818672	141818	131104	65552	8	3840	2	0
2026-09-05T01:55:21.003001+00:00	3858	10	9831837	137173	131104	65552	8	3848	2	0
2026-09-05T01:55:28.511372+00:00	3863	7	9843023	141813	131104	65552	8	3856	0	0
2026-09-05T01:55:36.894827+00:00	3868	7	9854050	141654	131104	65552	8	3861	0	0
2026-09-05T01:55:48.856492+00:00	3875	9	9861021	135429	131104	65552	8	3866	1	0
2026-09-05T01:55:58.916765+00:00	3879	6	9869288	138894	131104	65552	8	3873	0	0
2026-09-05T01:56:04.867407+00:00	3883	6	9878058	139397	131104	65552	8	3877	0	0
2026-09-05T01:56:18.638865+00:00	3887	6	9883887	136456	131104	65552	8	3881	0	0
2026-09-05T01:56:27.876581+00:00	3892	7	9892904	139644	131104	65552	8	3885	0	0
2026-09-05T01:56:53.400354+00:00	3897	7	9901146	138869	131104	65552	8	3890	0	0
2026-09-05T01:57:04.504790+00:00	3903	8	9910116	139597	131104	65552	8	3895	0	0
2026-09-05T01:57:10.664676+00:00	3906	5	9919037	139548	131104	65552	8	3901	0	0
2026-09-05T01:57:22.642340+00:00	3911	7	9926825	138415	131104	65552	8	3904	0	0
2026-09-05T01:57:31.289161+00:00	3917	8	9942509	146311	131104	65552	8	3909	0	0
2026-09-05T01:57:44.974351+00:00	3924	9	9955880	143996	131104	65552	8	3915	1	0
2026-09-05T01:58:02.948281+00:00	3928	6	9965445	140192	131104	65552	8	3922	0	0
2026-09-05T01:58:10.718160+00:00	3933	7	9971378	136560	131104	65552	8	3926	0	0
2026-09-05T01:58:16.859036+00:00	3937	6	9983708	142957	131104	65552	8	3931	0	0
2026-09-05T01:58:23.162938+00:00	3940	5	9995252	142171	131104	65552	8	3935	0	0
2026-09-05T01:58:30.544815+00:00	3943	5	10002001	137376	131104	65552	8	3938	0	0
2026-09-05T01:58:40.213323+00:00	3949	8	10004801	133427	131104	65552	8	3941	0	0
2026-09-05T01:58:46.641662+00:00	3954	7	10019006	144832	131104	65552	8	3947	0	0
2026-09-05T01:58:57.211615+00:00	3960	8	10031593	143214	131104	65552	8	3952	0	0
2026-09-05T01:59:08.497216+00:00	3964	6	10043225	142259	131104	65552	8	3958	0	0
2026-09-05T01:59:31.354818+00:00	3971	9	10050020	136893	131104	65552	8	3962	1	0
2026-09-05T01:59:41.013276+00:00	3976	7	10063008	143615	131104	65552	8	3969	0	0
2026-09-05T01:59:50.719607+00:00	3981	7	10069382	137001	131104	65552	8	3974	0	0
2026-09-05T01:59:58.612961+00:00	3986	7	10077440	138685	131104	65552	8	3979	0	0
2026-09-05T02:01:59.880191+00:00	3994	10	10086500	133656	131104	65552	8	3984	2	0
2026-09-05T02:02:05.471311+00:00	3997	5	10097368	141495	131104	65552	8	3992	0	0
2026-09-05T02:02:13.783985+00:00	4001	6	10103903	137162	131104	65552	8	3995	0	0
2026-09-05T02:02:20.953358+00:00	4005	6	10114953	141677	131104	65552	8	3999	0	0
2026-09-05T02:02:33.115164+00:00	4012	9	10119647	134560	131104	65552	8	4003	1	0
2026-09-05T02:02:39.005426+00:00	4015	5	10126528	137508	131104	65552	8	4010	0	0
2026-09-05T02:02:50.866951+00:00	4022	9	10129343	133442	131104	65552	8	4013	1	0
2026-09-05T02:03:00.127601+00:00	4028	8	10151905	153189	131104	65552	8	4020	0	0
2026-09-05T02:03:07.218451+00:00	4032	6	10156906	135628	131104	65552	8	4026	0	0
2026-09-05T02:03:16.161981+00:00	4035	5	10165998	139719	131104	65552	8	4030	0	0
2026-09-05T02:03:23.566159+00:00	4039	6	10179927	144556	131104	65552	8	4033	0	0
2026-09-05T02:03:33.463083+00:00	4042	5	10190991	141691	131104	65552	8	4037	0	0
2026-09-05T02:03:58.467210+00:00	4048	8	10206279	145915	131104	65552	8	4040	0	0
2026-09-05T02:04:04.959275+00:00	4051	5	10212822	137170	131104	65552	8	4046	0	0
2026-09-05T02:04:12.839503+00:00	4056	7	10228253	146058	131104	65552	8	4049	0	0
2026-09-05T02:04:18.711216+00:00	4059	5	10259214	161588	131104	65552	8	4054	0	0
2026-09-05T02:04:28.127790+00:00	4065	8	10270982	142395	131104	65552	8	4057	0	0
2026-09-05T02:04:33.368331+00:00	4068	5	10280612	140257	131104	65552	8	4063	0	0
2026-09-05T02:04:40.845323+00:00	4072	6	10325130	175145	131104	65552	8	4066	0	0
2026-09-05T02:04:46.803690+00:00	4074	4	10331164	136661	131104	65552	8	4070	0	0
2026-09-05T02:04:56.844201+00:00	4078	6	10336519	135982	131104	65552	8	4072	0	0
2026-09-05T02:05:04.115922+00:00	4082	6	10348099	142207	131104	65552	8	4076	0	0
2026-09-05T02:05:12.920788+00:00	4087	7	10354863	137391	131104	65552	8	4080	0	0
2026-09-05T02:05:26.378772+00:00	4092	7	10373425	149189	131104	65552	8	4085	0	0
2026-09-05T02:05:39.631430+00:00	4096	6	10379784	136986	131104	65552	8	4090	0	0
2026-09-05T02:05:49.765019+00:00	4101	7	10399855	150698	131104	65552	8	4094	0	0
2026-09-05T02:06:57.915343+00:00	4105	6	10419380	150152	131104	65552	8	4099	0	0
2026-09-05T02:07:04.900861+00:00	4109	6	10432454	143701	131104	65552	8	4103	0	0
2026-09-05T02:07:26.895813+00:00	4114	7	10438874	137047	131104	65552	8	4107	0	0
2026-09-05T02:07:34.792401+00:00	4118	6	10449993	141746	131104	65552	8	4112	0	0
2026-09-05T02:07:42.925081+00:00	4123	7	10454249	134883	131104	65552	8	4116	0	0
2026-09-05T02:07:53.779539+00:00	4129	8	10471776	148154	131104	65552	8	4121	0	0
2026-09-05T02:08:11.262848+00:00	4135	8	10480095	138946	131104	65552	8	4127	0	0
2026-09-05T02:08:19.665114+00:00	4138	5	10494434	144966	131104	65552	8	4133	0	0
2026-09-05T02:08:31.397176+00:00	4143	7	10498788	134981	131104	65552	8	4136	0	0
2026-09-05T02:08:46.316271+00:00	4148	7	10510780	142619	131104	65552	8	4141	0	0
2026-09-05T02:08:58.244458+00:00	4154	8	10518262	138109	131104	65552	8	4146	0	0
2026-09-05T02:09:11.685609+00:00	4160	8	10535478	147843	131104	65552	8	4152	0	0
2026-09-05T02:09:24.364489+00:00	4166	8	10538725	133874	131104	65552	8	4158	0	0
2026-09-05T02:09:31.406668+00:00	4171	7	10546936	138838	131104	65552	8	4164	0	0
2026-09-05T02:09:42.794057+00:00	4178	9	10554440	136122	131104	65552	8	4169	1	0
2026-09-05T02:09:54.033347+00:00	4183	7	10563582	139769	131104	65552	8	4176	0	0
2026-09-05T02:10:03.115495+00:00	4188	7	10576082	143127	131104	65552	8	4181	0	0
2026-09-05T02:10:15.944903+00:00	4194	8	10588994	143539	131104	65552	8	4186	0	0
2026-09-05T02:10:27.696589+00:00	4201	9	10594092	135718	131104	65552	8	4192	1	0
2026-09-05T02:10:33.061933+00:00	4204	5	10604152	140687	131104	65552	8	4199	0	0
2026-09-05T02:10:40.260218+00:00	4207	5	10613685	140160	131104	65552	8	4202	0	0
2026-09-05T02:10:46.988571+00:00	4210	5	10620315	137257	131104	65552	8	4205	0	0
2026-09-05T02:10:56.034142+00:00	4215	7	10629506	139818	131104	65552	8	4208	0	0
2026-09-05T02:11:01.625914+00:00	4218	5	10641469	142590	131104	65552	8	4213	0	0
2026-09-05T02:11:11.423206+00:00	4223	7	10646197	135355	131104	65552	8	4216	0	0
2026-09-05T02:11:20.375823+00:00	4229	8	10658356	142786	131104	65552	8	4221	0	0
2026-09-05T02:11:29.429617+00:00	4233	6	10667136	139407	131104	65552	8	4227	0	0
2026-09-05T02:11:39.500322+00:00	4239	8	10675041	138532	131104	65552	8	4231	0	0
2026-09-05T02:11:49.082451+00:00	4244	7	10684611	140197	131104	65552	8	4237	0	0
2026-09-05T02:11:59.974115+00:00	4251	9	10693757	138815	131104	65552	8	4242	1	0
2026-09-05T02:12:07.224504+00:00	4254	5	10701928	138798	131104	65552	8	4249	0	0
2026-09-05T02:12:19.375128+00:00	4261	9	10707591	135896	131104	65552	8	4252	1	0
2026-09-05T02:12:26.596148+00:00	4265	6	10722871	145907	131104	65552	8	4259	0	0
2026-09-05T02:12:31.146030+00:00	4268	5	10733917	141673	131104	65552	8	4263	0	0
2026-09-05T02:12:36.904590+00:00	4271	5	10742542	139252	131104	65552	8	4266	0	0
2026-09-05T02:12:48.572139+00:00	4274	5	10777796	165881	131104	65552	8	4269	0	0
2026-09-05T02:12:54.456509+00:00	4277	5	10785854	138685	131104	65552	8	4272	0	0
2026-09-05T02:13:00.261257+00:00	4280	5	10820063	164836	131104	65552	8	4275	0	0
2026-09-05T02:13:05.700978+00:00	4283	5	10828197	138761	131104	65552	8	4278	0	0
2026-09-05T02:13:15.807352+00:00	4290	9	10830489	132897	131104	65552	8	4281	1	0
2026-09-05T02:13:21.479151+00:00	4293	5	10836868	137006	131104	65552	8	4288	0	0
2026-09-05T02:13:28.927221+00:00	4298	7	10853463	147222	131104	65552	8	4291	0	0
2026-09-05T02:13:35.131497+00:00	4301	5	10861681	138845	131104	65552	8	4296	0	0
2026-09-05T02:13:40.325157+00:00	4304	5	10895719	164665	131104	65552	8	4299	0	0
2026-09-05T02:13:46.459819+00:00	4307	5	10902178	137086	131104	65552	8	4302	0	0
2026-09-05T02:13:54.536011+00:00	4312	7	10910939	139388	131104	65552	8	4305	0	0
2026-09-05T02:13:59.747350+00:00	4315	5	10924968	144656	131104	65552	8	4310	0	0
2026-09-05T02:14:06.410641+00:00	4319	6	10927035	132694	131104	65552	8	4313	0	0
2026-09-05T02:14:16.144384+00:00	4325	8	10950935	154527	131104	65552	8	4317	0	0
2026-09-05T02:15:27.498181+00:00	4332	9	10970455	147898	131104	65552	8	4323	1	0
2026-09-05T02:15:36.402389+00:00	4336	6	10982102	142274	131104	65552	8	4330	0	0
2026-09-05T02:15:47.343158+00:00	4339	5	10997743	146268	131104	65552	8	4334	0	0
2026-09-05T02:15:55.571681+00:00	4342	5	10999830	132714	131104	65552	8	4337	0	0
2026-09-05T02:16:04.245022+00:00	4348	8	11013815	144612	131104	65552	8	4340	0	0
2026-09-05T02:16:11.474931+00:00	4352	6	11050566	167378	131104	65552	8	4346	0	0
2026-09-05T02:16:19.818887+00:00	4354	4	11057096	137157	131104	65552	8	4350	0	0
2026-09-05T02:16:29.327722+00:00	4359	7	11059816	133347	131104	65552	8	4352	0	0
2026-09-05T02:16:37.010348+00:00	4364	7	11072939	143750	131104	65552	8	4357	0	0
2026-09-05T02:16:46.619740+00:00	4368	6	11086869	144557	131104	65552	8	4362	0	0
2026-09-05T02:16:52.299874+00:00	4371	5	11094640	138398	131104	65552	8	4366	0	0
2026-09-05T02:17:00.829347+00:00	4376	7	11096366	132353	131104	65552	8	4369	0	0
2026-09-05T02:17:08.940685+00:00	4381	7	11101250	135511	131104	65552	8	4374	0	0
2026-09-05T02:17:17.698409+00:00	4385	6	11112703	142080	131104	65552	8	4379	0	0
2026-09-05T02:17:24.541746+00:00	4388	5	11121097	139021	131104	65552	8	4383	0	0
2026-09-05T02:17:33.008008+00:00	4392	6	11124157	133687	131104	65552	8	4386	0	0
2026-09-05T02:17:41.487148+00:00	4397	7	11143321	149791	131104	65552	8	4390	0	0
2026-09-05T02:17:48.310435+00:00	4401	6	11171758	159064	131104	65552	8	4395	0	0
2026-09-05T02:17:57.575005+00:00	4406	7	11179868	138737	131104	65552	8	4399	0	0
2026-09-05T02:18:10.291398+00:00	4412	8	11198688	149447	131104	65552	8	4404	0	0
2026-09-05T02:18:19.211704+00:00	4415	5	11209454	141393	131104	65552	8	4410	0	0
2026-09-05T02:18:32.855064+00:00	4421	8	11215279	136452	131104	65552	8	4413	0	0
2026-09-05T02:18:39.417032+00:00	4424	5	11226991	142339	131104	65552	8	4419	0	0
2026-09-05T02:18:56.301722+00:00	4431	9	11230054	133643	131104	65552	8	4422	1	0
2026-09-05T02:19:04.472587+00:00	4436	7	11236174	136747	131104	65552	8	4429	0	0
2026-09-05T02:19:13.366237+00:00	4441	7	11240945	135398	131104	65552	8	4434	0	0
2026-09-05T02:19:24.945969+00:00	4446	7	11258364	148046	131104	65552	8	4439	0	0
2026-09-05T02:19:50.422613+00:00	4453	9	11264582	136750	131104	65552	8	4444	1	0
2026-09-05T02:19:59.769345+00:00	4459	8	11272919	138964	131104	65552	8	4451	0	0
2026-09-05T02:20:32.566031+00:00	4466	9	11287401	142266	131104	65552	8	4457	1	0
2026-09-05T02:20:49.413586+00:00	4473	9	11294667	134656	131104	65552	8	4464	1	0
2026-09-05T02:21:01.729493+00:00	4478	7	11309607	145567	131104	65552	8	4471	0	0
2026-09-05T02:21:10.064714+00:00	4483	7	11311979	132999	131104	65552	8	4476	0	0
2026-09-05T02:21:16.894997+00:00	4488	7	11328332	146980	131104	65552	8	4481	0	0
2026-09-05T02:21:30.694600+00:00	4493	7	11333050	135345	131104	65552	8	4486	0	0
2026-09-05T02:21:37.795611+00:00	4497	6	11343218	140795	131104	65552	8	4491	0	0
2026-09-05T02:21:43.256027+00:00	4500	5	11354143	141552	131104	65552	8	4495	0	0
2026-09-05T02:21:53.754871+00:00	4503	5	11365599	142083	131104	65552	8	4498	0	0
2026-09-05T02:22:13.664699+00:00	4509	8	11375065	140093	131104	65552	8	4501	0	0
2026-09-05T02:22:22.251493+00:00	4514	7	11385729	141291	131104	65552	8	4507	0	0
2026-09-05T02:22:36.072801+00:00	4520	8	11391859	136757	131104	65552	8	4512	0	0
2026-09-05T02:22:46.065748+00:00	4524	6	11400952	139720	131104	65552	8	4518	0	0
2026-09-05T02:22:59.902229+00:00	4530	8	11411859	141534	131104	65552	8	4522	0	0
2026-09-05T02:23:08.855626+00:00	4534	6	11427342	146110	131104	65552	8	4528	0	0
2026-09-05T02:23:17.911944+00:00	4540	8	11438891	142176	131104	65552	8	4532	0	0
2026-09-05T02:23:32.640804+00:00	4546	8	11454358	146094	131104	65552	8	4538	0	0
2026-09-05T02:23:46.383466+00:00	4553	9	11462437	135277	131104	65552	8	4544	1	0
2026-09-05T02:23:55.347098+00:00	4558	7	11475083	143273	131104	65552	8	4551	0	0
2026-09-05T02:24:03.872987+00:00	4563	7	11486885	142429	131104	65552	8	4556	0	0
2026-09-05T02:24:12.772666+00:00	4568	7	11498519	142261	131104	65552	8	4561	0	0
2026-09-05T02:24:24.961255+00:00	4574	8	11508508	140616	131104	65552	8	4566	0	0
2026-09-05T02:24:31.993339+00:00	4579	7	11524502	146621	131104	65552	8	4572	0	0
2026-09-05T02:24:43.275377+00:00	4585	8	11535026	141151	131104	65552	8	4577	0	0
2026-09-05T02:24:55.103086+00:00	4591	8	11544153	139754	131104	65552	8	4583	0	0
2026-09-05T02:25:09.651941+00:00	4599	10	11573945	155221	131104	65552	8	4589	2	0
2026-09-05T02:25:20.221354+00:00	4604	7	11581810	138492	131104	65552	8	4597	0	0
2026-09-05T02:25:29.828830+00:00	4609	7	11587583	136400	131104	65552	8	4602	0	0
2026-09-05T02:25:38.446171+00:00	4614	7	11603398	146442	131104	65552	8	4607	0	0
2026-09-05T02:26:01.707979+00:00	4623	11	11641075	137852	131104	65552	8	4612	3	0
2026-09-05T02:26:10.200621+00:00	4628	7	11653137	142689	131104	65552	8	4621	0	0
2026-09-05T02:26:18.821164+00:00	4633	7	11664079	141569	131104	65552	8	4626	0	0
2026-09-05T02:26:26.803256+00:00	4638	7	11671642	138190	131104	65552	8	4631	0	0
2026-09-05T02:26:36.796911+00:00	4641	5	11686108	145093	131104	65552	8	4636	0	0
2026-09-05T02:26:46.622040+00:00	4647	8	11688744	133263	131104	65552	8	4639	0	0
2026-09-05T02:26:57.348450+00:00	4655	10	11713760	148593	131104	65552	8	4645	2	0
2026-09-05T02:27:02.662767+00:00	4658	5	11720487	137354	131104	65552	8	4653	0	0
2026-09-05T02:27:09.615770+00:00	4662	6	11735619	145759	131104	65552	8	4656	0	0
2026-09-05T02:27:16.480116+00:00	4666	6	11751548	146556	131104	65552	8	4660	0	0
2026-09-05T02:27:26.837823+00:00	4672	8	11754578	133657	131104	65552	8	4664	0	0
2026-09-05T02:27:34.529326+00:00	4677	7	11769812	145861	131104	65552	8	4670	0	0
2026-09-05T02:27:42.384312+00:00	4681	6	11775535	136350	131104	65552	8	4675	0	0
2026-09-05T02:28:25.846147+00:00	4699	7	11809451	135077	131104	65552	8	4692	0	0
2026-09-05T02:28:33.677148+00:00	4704	7	11811878	133054	131104	65552	8	4697	0	0
2026-09-05T02:28:42.349122+00:00	4708	6	11825060	143809	131104	65552	8	4702	0	0
2026-09-05T02:28:54.502153+00:00	4713	7	11829625	135192	131104	65552	8	4706	0	0
2026-09-05T02:29:04.190473+00:00	4718	7	11843629	144631	131104	65552	8	4711	0	0
2026-09-05T02:29:10.277181+00:00	4722	6	11887667	174665	131104	65552	8	4716	0	0
2026-09-05T02:29:16.284120+00:00	4725	5	11894064	137024	131104	65552	8	4720	0	0
2026-09-05T02:29:28.150124+00:00	4730	7	11902749	139312	131104	65552	8	4723	0	0
2026-09-05T02:30:12.048355+00:00	4753	7	11949256	140323	131104	65552	8	4746	0	0
2026-09-05T02:30:25.916612+00:00	4758	7	11958331	139702	131104	65552	8	4751	0	0
2026-09-05T02:30:32.555475+00:00	4761	5	11968916	141212	131104	65552	8	4756	0	0
2026-09-05T02:30:43.797964+00:00	4768	9	11974704	133292	131104	65552	8	4759	1	0
2026-09-05T02:31:03.321910+00:00	4781	5	12017309	145028	131104	65552	8	4776	0	0
2026-09-05T02:32:33.374108+00:00	4785	6	12064424	177742	131104	65552	8	4779	0	0
2026-09-05T02:32:44.622663+00:00	4792	9	12088163	149363	131104	65552	8	4783	1	0
2026-09-05T02:32:52.600986+00:00	4796	6	12097510	139974	131104	65552	8	4790	0	0
2026-09-05T02:33:11.658928+00:00	4801	7	12107291	140408	131104	65552	8	4794	0	0
2026-09-05T02:33:17.426690+00:00	4804	5	12116137	139473	131104	65552	8	4799	0	0
2026-09-05T02:33:26.043975+00:00	4808	6	12150904	165394	131104	65552	8	4802	0	0
2026-09-05T02:33:33.243477+00:00	4812	6	12159104	138827	131104	65552	8	4806	0	0
2026-09-05T02:33:41.309897+00:00	4816	6	12163249	134772	131104	65552	8	4810	0	0
2026-09-05T02:33:49.072794+00:00	4820	6	12182035	149413	131104	65552	8	4814	0	0
2026-09-05T02:33:58.342164+00:00	4825	7	12184340	132932	131104	65552	8	4818	0	0
2026-09-05T02:34:04.329814+00:00	4829	6	12200393	146680	131104	65552	8	4823	0	0
2026-09-05T02:34:18.378813+00:00	4835	8	12208191	138425	131104	65552	8	4827	0	0
2026-09-05T02:34:28.431887+00:00	4842	9	12223547	141782	131104	65552	8	4833	1	0
2026-09-05T02:34:37.605050+00:00	4848	8	12234200	141280	131104	65552	8	4840	0	0
2026-09-05T02:34:57.043039+00:00	4854	8	12238987	135414	131104	65552	8	4846	0	0
2026-09-05T02:35:09.563135+00:00	4859	7	12250396	142036	131104	65552	8	4852	0	0
2026-09-05T02:35:19.440376+00:00	4864	7	12258415	138646	131104	65552	8	4857	0	0
2026-09-05T02:35:26.914797+00:00	4868	6	12268468	140680	131104	65552	8	4862	0	0
2026-09-05T02:35:47.551212+00:00	4874	8	12273287	135446	131104	65552	8	4866	0	0
2026-09-05T02:36:01.752888+00:00	4881	9	12288383	144156	131104	65552	8	4872	1	0
2026-09-05T02:36:13.122369+00:00	4886	7	12296343	138587	131104	65552	8	4879	0	0
2026-09-05T02:36:21.779990+00:00	4891	7	12302452	136736	131104	65552	8	4884	0	0
2026-09-05T02:36:29.720318+00:00	4896	7	12310103	138278	131104	65552	8	4889	0	0
2026-09-05T02:36:35.521795+00:00	4898	4	12316141	136665	131104	65552	8	4894	0	0
2026-09-05T02:36:41.862962+00:00	4902	6	12326271	140757	131104	65552	8	4896	0	0
2026-09-05T02:36:47.949977+00:00	4905	5	12338569	142925	131104	65552	8	4900	0	0
2026-09-05T02:36:55.754533+00:00	4909	6	12343582	135640	131104	65552	8	4903	0	0
2026-09-05T02:37:03.286070+00:00	4914	7	12363369	150414	131104	65552	8	4907	0	0
2026-09-05T02:37:23.792336+00:00	4921	9	12372699	138465	131104	65552	8	4912	1	0
2026-09-05T02:37:35.906917+00:00	4926	7	12383161	141089	131104	65552	8	4919	0	0
2026-09-05T02:37:45.017517+00:00	4932	8	12385145	132611	131104	65552	8	4924	0	0
2026-09-05T02:37:53.141506+00:00	4937	7	12387186	132668	131104	65552	8	4930	0	0
2026-09-05T02:37:58.778180+00:00	4940	5	12398593	142034	131104	65552	8	4935	0	0
2026-09-05T02:38:11.003483+00:00	4947	9	12405107	136868	131104	65552	8	4938	1	0
2026-09-05T02:38:22.543335+00:00	4952	7	12417245	142765	131104	65552	8	4945	0	0
2026-09-05T02:38:31.326061+00:00	4955	5	12428617	141999	131104	65552	8	4950	0	0
2026-09-05T02:38:37.459500+00:00	4958	5	12430287	132297	131104	65552	8	4953	0	0
2026-09-05T02:38:42.637281+00:00	4962	6	12447969	148309	131104	65552	8	4956	0	0
2026-09-05T02:38:52.398033+00:00	4968	8	12451552	134210	131104	65552	8	4960	0	0
2026-09-05T02:39:01.127607+00:00	4973	7	12459507	138582	131104	65552	8	4966	0	0
2026-09-05T02:39:06.983746+00:00	4976	5	12473848	144968	131104	65552	8	4971	0	0
2026-09-05T02:39:12.620296+00:00	4979	5	12500125	156904	131104	65552	8	4974	0	0
2026-09-05T02:39:18.411300+00:00	4982	5	12512350	142852	131104	65552	8	4977	0	0
2026-09-05T02:39:28.216022+00:00	4987	7	12523292	141569	131104	65552	8	4980	0	0
2026-09-05T02:39:34.257238+00:00	4991	6	12533977	141312	131104	65552	8	4985	0	0
2026-09-05T02:39:40.747095+00:00	4994	5	12568310	164960	131104	65552	8	4989	0	0
2026-09-05T02:39:48.840869+00:00	4998	6	12575106	137423	131104	65552	8	4992	0	0
2026-09-05T02:39:57.767458+00:00	5004	8	12582761	138282	131104	65552	8	4996	0	0
2026-09-05T02:40:03.184952+00:00	5008	6	12598591	146457	131104	65552	8	5002	0	0
2026-09-05T02:40:12.107821+00:00	5013	7	12601202	133238	131104	65552	8	5006	0	0
2026-09-05T02:40:20.995674+00:00	5019	8	12616718	146143	131104	65552	8	5011	0	0
2026-09-05T02:40:40.123368+00:00	5026	9	12623589	137107	131104	65552	8	5017	1	0
2026-09-05T02:40:46.816668+00:00	5030	6	12634633	141671	131104	65552	8	5024	0	0
2026-09-05T02:41:11.181169+00:00	5036	8	12641443	137437	131104	65552	8	5028	0	0
2026-09-05T02:41:21.653876+00:00	5042	8	12659762	148946	131104	65552	8	5034	0	0
2026-09-05T02:41:32.505324+00:00	5048	8	12662375	133240	131104	65552	8	5040	0	0
2026-09-05T02:41:39.540306+00:00	5053	7	12677442	145694	131104	65552	8	5046	0	0
2026-09-05T02:41:52.847391+00:00	5058	7	12686308	139493	131104	65552	8	5051	0	0
2026-09-05T02:41:59.769523+00:00	5062	6	12699931	144250	131104	65552	8	5056	0	0
2026-09-05T02:42:22.874797+00:00	5069	9	12706388	136934	131104	65552	8	5060	1	0
2026-09-05T02:42:29.914436+00:00	5072	5	12712954	137193	131104	65552	8	5067	0	0
2026-09-05T02:42:38.861442+00:00	5077	7	12722110	139783	131104	65552	8	5070	0	0
2026-09-05T02:42:44.913543+00:00	5080	5	12736700	145217	131104	65552	8	5075	0	0
2026-09-05T02:42:52.426242+00:00	5084	6	12763625	157552	131104	65552	8	5078	0	0
2026-09-05T02:42:58.492729+00:00	5088	6	12779420	146422	131104	65552	8	5082	0	0
2026-09-05T02:43:06.270620+00:00	5092	6	12791372	142579	131104	65552	8	5086	0	0
2026-09-05T02:43:14.375277+00:00	5095	5	12801098	140353	131104	65552	8	5090	0	0
2026-09-05T02:43:22.791694+00:00	5100	7	12803232	132761	131104	65552	8	5093	0	0
2026-09-05T02:43:29.775646+00:00	5105	7	12815968	143363	131104	65552	8	5098	0	0
2026-09-05T02:43:35.420013+00:00	5108	5	12825751	140410	131104	65552	8	5103	0	0
2026-09-05T02:43:45.159427+00:00	5113	7	12828497	133373	131104	65552	8	5106	0	0
2026-09-05T02:44:01.842206+00:00	5123	7	12856237	136924	131104	65552	8	5116	0	0
2026-09-05T02:44:55.258170+00:00	5156	7	12975459	139337	131104	65552	8	5149	0	0
2026-09-05T02:45:00.367992+00:00	5159	5	12984852	140020	131104	65552	8	5154	0	0
2026-09-05T02:45:05.903294+00:00	5162	5	12992185	137960	131104	65552	8	5157	0	0
2026-09-05T02:45:21.959545+00:00	5170	6	13006252	138066	131104	65552	8	5164	0	0
2026-09-05T02:45:29.118137+00:00	5174	6	13019053	143428	131104	65552	8	5168	0	0
