# before_messages	after_messages	before_tokens	after_tokens	budget	target_tokens	strategy_level	user_messages_stubbed
7	4	107680	106494	131104	65552	8	0
9	4	113823	106040	131104	65552	8	0
11	4	117623	103697	131104	65552	8	0
13	4	122019	104293	131104	65552	8	0
16	5	130567	108445	131104	65552	8	0
19	5	140193	109523	131104	65552	8	0
22	5	147311	107015	131104	65552	8	0
24	4	153249	105835	131104	65552	8	0
26	4	157163	103811	131104	65552	8	0
28	4	163329	106063	131104	65552	8	0
30	4	166785	103353	131104	65552	8	0
32	4	172960	106072	131104	65552	8	0
34	4	176840	103777	131104	65552	8	0
36	4	182174	105231	131104	65552	8	0
38	4	185984	103707	131104	65552	8	0
40	4	191145	105058	131104	65552	8	0
42	4	194978	103730	131104	65552	8	0
44	4	201335	106254	131104	65552	8	0
46	4	205135	103697	131104	65552	8	0
48	4	211485	106247	131104	65552	8	0
50	4	215319	103731	131104	65552	8	0
52	4	221641	106219	131104	65552	8	0
54	4	225457	103713	131104	65552	8	0
56	4	231922	106362	131104	65552	8	0
58	4	235809	103784	131104	65552	8	0
60	4	242257	106345	131104	65552	8	0
62	4	246115	103755	131104	65552	8	0
64	4	252374	106156	131104	65552	8	0
66	4	256149	103672	131104	65552	8	0
68	4	262677	106425	131104	65552	8	0
70	4	266558	103778	131104	65552	8	0
72	4	273015	106354	131104	65552	8	0
74	4	276886	103768	131104	65552	8	0
76	4	284161	107172	131104	65552	8	0
78	4	288027	103763	131104	65552	8	0
80	4	294339	106209	131104	65552	8	0
83	5	304822	110380	131104	65552	8	0
86	5	315549	110624	131104	65552	8	0
89	5	326073	110421	131104	65552	8	0
92	5	336698	110522	131104	65552	8	0
95	5	347159	110358	131104	65552	8	0
98	5	357863	110601	131104	65552	8	0
100	4	361816	103850	131104	65552	8	0
102	4	368433	106514	131104	65552	8	0
104	4	372216	103680	131104	65552	8	0
106	4	378671	106352	131104	65552	8	0
108	4	382532	103758	131104	65552	8	0
110	4	389659	107024	131104	65552	8	0
112	4	393568	103806	131104	65552	8	0
114	4	399751	106080	131104	65552	8	0
116	4	403639	103785	131104	65552	8	0
118	4	409822	106080	131104	65552	8	0
120	4	413720	103795	131104	65552	8	0
122	4	420235	106412	131104	65552	8	0
124	4	424109	103771	131104	65552	8	0
126	4	430735	106523	131104	65552	8	0
128	4	434525	103687	131104	65552	8	0
130	4	443387	108759	131104	65552	8	0
132	4	447198	103708	131104	65552	8	0
134	4	456101	108800	131104	65552	8	0
136	4	459937	103733	131104	65552	8	0
138	4	468749	108709	131104	65552	8	0
140	4	472567	103715	131104	65552	8	0
142	4	478882	106212	131104	65552	8	0
145	5	489030	110045	131104	65552	8	0
148	5	500033	110900	131104	65552	8	0
151	5	510201	110065	131104	65552	8	0
154	5	521332	111028	131104	65552	8	0
157	5	531524	110089	131104	65552	8	0
160	5	542777	111150	131104	65552	8	0
163	5	553005	110125	131104	65552	8	0
166	5	564118	111010	131104	65552	8	0
169	5	571651	107430	131104	65552	8	0
172	5	581250	109496	131104	65552	8	0
175	5	589338	107985	131104	65552	8	0
178	5	599101	109660	131104	65552	8	0
181	5	606791	107587	131104	65552	8	0
184	5	616016	109122	131104	65552	8	0
187	5	624869	108750	131104	65552	8	0
190	5	633523	108551	131104	65552	8	0
192	4	637574	103948	131104	65552	8	0
194	4	642345	104668	131104	65552	8	0
196	4	646219	103771	131104	65552	8	0
198	4	652660	106338	131104	65552	8	0
200	4	656536	103773	131104	65552	8	0
202	4	663010	106371	131104	65552	8	0
204	4	666869	103756	131104	65552	8	0
206	4	673337	106365	131104	65552	8	0
208	4	677234	103794	131104	65552	8	0
210	4	683711	106374	131104	65552	8	0
212	4	687546	103732	131104	65552	8	0
214	4	694100	106451	131104	65552	8	0
216	4	697840	103637	131104	65552	8	0
218	4	704509	106566	131104	65552	8	0
220	4	708272	103660	131104	65552	8	0
222	4	715636	107261	131104	65552	8	0
225	5	726003	110264	131104	65552	8	0
228	5	734807	108701	131104	65552	8	0
231	5	743677	108767	131104	65552	8	0
234	5	756283	112503	131104	65552	8	0
237	5	764863	108477	131104	65552	8	0
239	4	770097	105131	131104	65552	8	0
241	4	773889	103689	131104	65552	8	0
243	4	780025	106033	131104	65552	8	0
245	4	783815	103687	131104	65552	8	0
247	4	790529	106611	131104	65552	8	0
249	4	794292	103660	131104	65552	8	0
251	4	801652	107257	131104	65552	8	0
253	4	805417	103662	131104	65552	8	0
255	4	811882	106362	131104	65552	8	0
257	4	815635	103650	131104	65552	8	0
259	4	822177	106439	131104	65552	8	0
261	4	825889	103609	131104	65552	8	0
263	4	832435	106443	131104	65552	8	0
265	4	836173	103635	131104	65552	8	0
267	4	842403	106127	131104	65552	8	0
269	4	846139	103633	131104	65552	8	0
271	4	852297	106055	131104	65552	8	0
273	4	856253	103853	131104	65552	8	0
275	4	862429	106073	131104	65552	8	0
277	4	866123	103591	131104	65552	8	0
279	4	872236	106010	131104	65552	8	0
281	4	876098	103759	131104	65552	8	0
283	4	882223	106022	131104	65552	8	0
285	4	885999	103673	131104	65552	8	0
287	4	892114	106012	131104	65552	8	0
289	4	895927	103710	131104	65552	8	0
291	4	902334	106304	131104	65552	8	0
293	4	906106	103669	131104	65552	8	0
295	4	912517	106308	131104	65552	8	0
297	4	916289	103669	131104	65552	8	0
299	4	922422	106030	131104	65552	8	0
301	4	926246	103721	131104	65552	8	0
303	4	932694	106345	131104	65552	8	0
305	4	936527	103730	131104	65552	8	0
307	4	945283	108653	131104	65552	8	0
309	4	948976	103590	131104	65552	8	0
311	4	955549	106470	131104	65552	8	0
313	4	959289	103637	131104	65552	8	0
315	4	965422	106030	131104	65552	8	0
317	4	969217	103692	131104	65552	8	0
319	4	975734	106414	131104	65552	8	0
321	4	979505	103668	131104	65552	8	0
323	4	985613	106005	131104	65552	8	0
325	4	989409	103693	131104	65552	8	0
327	4	995509	105997	131104	65552	8	0
329	4	999324	103712	131104	65552	8	0
331	4	1005444	106017	131104	65552	8	0
333	4	1009227	103680	131104	65552	8	0
335	4	1015318	105988	131104	65552	8	0
337	4	1019078	103657	131104	65552	8	0
339	4	1025624	106443	131104	65552	8	0
341	4	1029392	103665	131104	65552	8	0
343	4	1035789	106294	131104	65552	8	0
345	4	1039528	103636	131104	65552	8	0
347	4	1046201	106570	131104	65552	8	0
349	4	1049950	103646	131104	65552	8	0
351	4	1056851	106798	131104	65552	8	0
353	4	1060603	103649	131104	65552	8	0
355	4	1067504	106798	131104	65552	8	0
357	4	1071214	103607	131104	65552	8	0
359	4	1078224	106907	131104	65552	8	0
361	4	1081957	103630	131104	65552	8	0
363	4	1089379	107319	131104	65552	8	0
365	4	1093022	103540	131104	65552	8	0
367	4	1100351	107226	131104	65552	8	0
369	4	1104058	103604	131104	65552	8	0
371	4	1110430	106269	131104	65552	8	0
373	4	1114211	103678	131104	65552	8	0
375	4	1121221	106907	131104	65552	8	0
377	4	1124939	103615	131104	65552	8	0
379	4	1130982	105940	131104	65552	8	0
382	5	1141170	110085	131104	65552	8	0
385	5	1152337	111064	131104	65552	8	0
388	5	1162505	110065	131104	65552	8	0
391	5	1173739	111131	131104	65552	8	0
394	5	1183842	110000	131104	65552	8	0
397	5	1195018	111073	131104	65552	8	0
400	5	1205084	109963	131104	65552	8	0
403	5	1216260	111073	131104	65552	8	0
406	5	1226370	110007	131104	65552	8	0
409	5	1237484	111011	131104	65552	8	0
412	5	1247500	109913	131104	65552	8	0
415	5	1258599	110996	131104	65552	8	0
418	5	1268641	109939	131104	65552	8	0
421	5	1279846	111102	131104	65552	8	0
424	5	1290065	110116	131104	65552	8	0
427	5	1301387	111219	131104	65552	8	0
430	5	1311578	110088	131104	65552	8	0
433	5	1322761	111080	131104	65552	8	0
436	5	1332833	109969	131104	65552	8	0
439	5	1344008	111072	131104	65552	8	0
442	5	1354090	109979	131104	65552	8	0
445	5	1365144	110951	131104	65552	8	0
448	5	1375257	110010	131104	65552	8	0
451	5	1386450	111090	131104	65552	8	0
454	5	1396426	109873	131104	65552	8	0
457	5	1407583	111054	131104	65552	8	0
460	5	1417763	110077	131104	65552	8	0
463	5	1428901	111035	131104	65552	8	0
466	5	1439026	110022	131104	65552	8	0
469	5	1450219	111090	131104	65552	8	0
472	5	1460422	110100	131104	65552	8	0
475	5	1470763	110238	131104	65552	8	0
478	5	1477864	106998	131104	65552	8	0
481	5	1489608	111641	131104	65552	8	0
484	5	1499590	109879	131104	65552	8	0
487	5	1511273	111580	131104	65552	8	0
490	5	1520929	109553	131104	65552	8	0
493	5	1531071	110039	131104	65552	8	0
496	5	1542183	111009	131104	65552	8	0
499	5	1552266	109980	131104	65552	8	0
502	5	1563345	110976	131104	65552	8	0
504	4	1568552	105104	131104	65552	8	0
506	4	1572283	103628	131104	65552	8	0
508	4	1578301	105915	131104	65552	8	0
510	4	1582008	103604	131104	65552	8	0
512	4	1588025	105914	131104	65552	8	0
514	4	1591756	103628	131104	65552	8	0
516	4	1598129	106270	131104	65552	8	0
518	4	1601973	103741	131104	65552	8	0
520	4	1608346	106270	131104	65552	8	0
522	4	1612070	103621	131104	65552	8	0
524	4	1618736	106563	131104	65552	8	0
526	4	1622400	103561	131104	65552	8	0
528	4	1629231	106728	131104	65552	8	0
530	4	1632856	103522	131104	65552	8	0
532	4	1639857	106898	131104	65552	8	0
534	4	1643544	103584	131104	65552	8	0
536	4	1650319	106672	131104	65552	8	0
538	4	1653930	103508	131104	65552	8	0
540	4	1660743	106710	131104	65552	8	0
542	4	1664427	103581	131104	65552	8	0
544	4	1671086	106556	131104	65552	8	0
546	4	1674761	103572	131104	65552	8	0
548	4	1684102	109238	131104	65552	8	0
551	5	1695984	111779	131104	65552	8	0
554	5	1705279	109192	131104	65552	8	0
557	5	1717292	111910	131104	65552	8	0
559	4	1723479	106084	131104	65552	8	0
561	4	1727253	103671	131104	65552	8	0
563	4	1733244	105888	131104	65552	8	0
565	4	1736899	103552	131104	65552	8	0
567	4	1743664	106662	131104	65552	8	0
569	4	1747313	103546	131104	65552	8	0
571	4	1754313	106897	131104	65552	8	0
573	4	1757943	103527	131104	65552	8	0
575	4	1764943	106897	131104	65552	8	0
577	4	1768819	103773	131104	65552	8	0
579	4	1776429	107507	131104	65552	8	0
581	4	1780006	103474	131104	65552	8	0
583	4	1784944	104835	131104	65552	8	0
585	4	1788590	103543	131104	65552	8	0
587	4	1794794	106101	131104	65552	8	0
589	4	1798342	103445	131104	65552	8	0
591	4	1807010	108565	131104	65552	8	0
593	4	1810564	103451	131104	65552	8	0
595	4	1816676	106009	131104	65552	8	0
597	4	1820230	103451	131104	65552	8	0
599	4	1826186	105853	131104	65552	8	0
601	4	1829779	103490	131104	65552	8	0
603	4	1835714	105832	131104	65552	8	0
605	4	1839328	103511	131104	65552	8	0
607	4	1845615	106184	131104	65552	8	0
609	4	1849232	103514	131104	65552	8	0
611	4	1855542	106207	131104	65552	8	0
613	4	1859112	103467	131104	65552	8	0
615	4	1865925	106710	131104	65552	8	0
617	4	1869466	103438	131104	65552	8	0
619	4	1875409	105840	131104	65552	8	0
621	4	1879055	103543	131104	65552	8	0
624	5	1888477	109319	131104	65552	8	0
627	5	1896708	108128	131104	65552	8	0
630	5	1905292	108481	131104	65552	8	0
633	5	1913388	107993	131104	65552	8	0
636	5	1922827	109336	131104	65552	8	0
640	6	1932299	109369	131104	65552	8	0
642	4	1937091	104689	131104	65552	8	0
644	4	1940547	103353	131104	65552	8	0
646	4	1945099	104449	131104	65552	8	0
649	5	1953730	108528	131104	65552	8	0
652	5	1966318	112485	131104	65552	8	0
655	5	1974924	108503	131104	65552	8	0
658	5	1987526	112499	131104	65552	8	0
661	5	1996098	108469	131104	65552	8	0
664	5	2008823	112622	131104	65552	8	0
667	5	2017433	108507	131104	65552	8	0
670	5	2030052	112516	131104	65552	8	0
673	5	2038722	108567	131104	65552	8	0
676	5	2051313	112488	131104	65552	8	0
679	5	2059950	108534	131104	65552	8	0
682	5	2072503	112450	131104	65552	8	0
685	5	2081062	108456	131104	65552	8	0
688	5	2093753	112588	131104	65552	8	0
691	5	2102309	108453	131104	65552	8	0
694	5	2114862	112450	131104	65552	8	0
697	5	2123460	108495	131104	65552	8	0
700	5	2136182	112619	131104	65552	8	0
703	5	2144739	108454	131104	65552	8	0
706	5	2157249	112407	131104	65552	8	0
709	5	2165987	108635	131104	65552	8	0
712	5	2178528	112438	131104	65552	8	0
715	5	2187222	108591	131104	65552	8	0
718	5	2199730	112405	131104	65552	8	0
721	5	2208423	108590	131104	65552	8	0
724	5	2220954	112428	131104	65552	8	0
727	5	2229667	108610	131104	65552	8	0
730	5	2242306	112536	131104	65552	8	0
733	5	2251092	108683	131104	65552	8	0
736	5	2263485	112290	131104	65552	8	0
739	5	2272255	108667	131104	65552	8	0
741	4	2276898	104540	131104	65552	8	0
743	4	2280438	103437	131104	65552	8	0
745	4	2287314	106773	131104	65552	8	0
747	4	2290804	103387	131104	65552	8	0
749	4	2298040	107133	131104	65552	8	0
751	4	2301606	103463	131104	65552	8	0
753	4	2307804	106095	131104	65552	8	0
755	4	2311301	103394	131104	65552	8	0
757	4	2317244	105840	131104	65552	8	0
759	4	2320758	103411	131104	65552	8	0
761	4	2326683	105822	131104	65552	8	0
763	4	2330243	103457	131104	65552	8	0
765	4	2336183	105837	131104	65552	8	0
767	4	2339741	103455	131104	65552	8	0
769	4	2345787	105943	131104	65552	8	0
771	4	2349231	103341	131104	65552	8	0
773	4	2355376	106042	131104	65552	8	0
775	4	2358846	103367	131104	65552	8	0
777	4	2364761	105812	131104	65552	8	0
779	4	2368279	103415	131104	65552	8	0
781	4	2374505	106123	131104	65552	8	0
783	4	2378033	103425	131104	65552	8	0
785	4	2384266	106130	131104	65552	8	0
787	4	2387814	103445	131104	65552	8	0
789	4	2394392	106475	131104	65552	8	0
791	4	2397955	103460	131104	65552	8	0
793	4	2406599	108541	131104	65552	8	0
795	4	2410042	103340	131104	65552	8	0
797	4	2416120	105975	131104	65552	8	0
799	4	2419553	103330	131104	65552	8	0
801	4	2425493	105837	131104	65552	8	0
803	4	2429061	103465	131104	65552	8	0
805	4	2435069	105905	131104	65552	8	0
807	4	2438548	103376	131104	65552	8	0
809	4	2444553	105902	131104	65552	8	0
811	4	2448125	103469	131104	65552	8	0
813	4	2454390	106162	131104	65552	8	0
815	4	2457850	103357	131104	65552	8	0
817	4	2464753	106800	131104	65552	8	0
819	4	2468243	103387	131104	65552	8	0
821	4	2473157	104811	131104	65552	8	0
823	4	2476675	103415	131104	65552	8	0
825	4	2482625	105847	131104	65552	8	0
827	4	2486058	103330	131104	65552	8	0
829	4	2492010	105849	131104	65552	8	0
831	4	2495544	103431	131104	65552	8	0
833	4	2503142	107495	131104	65552	8	0
835	4	2506562	103317	131104	65552	8	0
837	4	2515726	109061	131104	65552	8	0
839	4	2519108	103279	131104	65552	8	0
841	4	2525426	106215	131104	65552	8	0
843	4	2528837	103308	131104	65552	8	0
845	4	2535051	106111	131104	65552	8	0
847	4	2538506	103352	131104	65552	8	0
849	4	2544807	106198	131104	65552	8	0
851	4	2548228	103318	131104	65552	8	0
853	4	2554430	106099	131104	65552	8	0
855	4	2557872	103339	131104	65552	8	0
857	4	2564074	106099	131104	65552	8	0
859	4	2567507	103330	131104	65552	8	0
861	4	2573690	106080	131104	65552	8	0
863	4	2577230	103437	131104	65552	8	0
865	4	2583440	106107	131104	65552	8	0
867	4	2586932	103389	131104	65552	8	0
869	4	2593155	106120	131104	65552	8	0
871	4	2596810	103552	131104	65552	8	0
873	4	2605498	108585	131104	65552	8	0
875	4	2608887	103286	131104	65552	8	0
877	4	2617551	108561	131104	65552	8	0
879	4	2620952	103298	131104	65552	8	0
881	4	2627062	106007	131104	65552	8	0
883	4	2630450	103285	131104	65552	8	0
885	4	2636693	106140	131104	65552	8	0
887	4	2640132	103336	131104	65552	8	0
889	4	2644718	104483	131104	65552	8	0
891	4	2648104	103283	131104	65552	8	0
893	4	2652047	103840	131104	65552	8	0
895	4	2655609	103459	131104	65552	8	0
897	4	2660646	104934	131104	65552	8	0
899	4	2664098	103349	131104	65552	8	0
901	4	2669125	104924	131104	65552	8	0
903	4	2672591	103363	131104	65552	8	0
905	4	2677729	105035	131104	65552	8	0
907	4	2681121	103289	131104	65552	8	0
909	4	2687046	105822	131104	65552	8	0
911	4	2690419	103270	131104	65552	8	0
913	4	2696362	105840	131104	65552	8	0
915	4	2699809	103344	131104	65552	8	0
917	4	2706023	106111	131104	65552	8	0
920	5	2716209	110083	131104	65552	8	0
923	5	2727378	111066	131104	65552	8	0
926	5	2737312	109831	131104	65552	8	0
929	5	2748664	111249	131104	65552	8	0
932	5	2758748	109981	131104	65552	8	0
935	5	2770017	111166	131104	65552	8	0
938	5	2780024	109904	131104	65552	8	0
941	5	2791449	111322	131104	65552	8	0
943	4	2794975	103423	131104	65552	8	0
947	6	2813515	118437	131104	65552	8	0
949	4	2816800	103182	131104	65552	8	0
951	4	2823148	106245	131104	65552	8	0
953	4	2826441	103190	131104	65552	8	0
955	4	2832874	106330	131104	65552	8	0
957	4	2836135	103158	131104	65552	8	0
959	4	2842476	106238	131104	65552	8	0
961	4	2845794	103215	131104	65552	8	0
963	4	2852914	107017	131104	65552	8	0
966	5	2866897	113880	131104	65552	8	0
969	5	2874096	107096	131104	65552	8	0
972	5	2883282	109083	131104	65552	8	0
975	5	2892220	108835	131104	65552	8	0
978	5	2900147	107824	131104	65552	8	0
981	5	2909683	109433	131104	65552	8	0
984	5	2917590	107804	131104	65552	8	0
987	5	2926844	109151	131104	65552	8	0
990	5	2934868	107921	131104	65552	8	0
993	5	2944220	109249	131104	65552	8	0
997	6	2956367	112044	131104	65552	8	0
999	4	2960231	103761	131104	65552	8	0
1001	4	2963589	103255	131104	65552	8	0
1003	4	2968550	104858	131104	65552	8	0
1005	4	2971860	103207	131104	65552	8	0
1007	4	2977764	105801	131104	65552	8	0
1009	4	2981124	103257	131104	65552	8	0
1011	4	2987317	106090	131104	65552	8	0
1013	4	2990662	103242	131104	65552	8	0
1015	4	2996584	105819	131104	65552	8	0
1017	4	3000069	103382	131104	65552	8	0
1019	4	3006736	106564	131104	65552	8	0
1021	4	3009995	103156	131104	65552	8	0
1023	4	3016674	106576	131104	65552	8	0
1025	4	3019933	103156	131104	65552	8	0
1027	4	3026193	106157	131104	65552	8	0
1029	4	3029549	103253	131104	65552	8	0
1031	4	3036221	106569	131104	65552	8	0
1033	4	3039472	103148	131104	65552	8	0
1035	4	3045799	106224	131104	65552	8	0
1038	5	3055680	109778	131104	65552	8	0
1041	5	3066965	111182	131104	65552	8	0
1044	5	3076921	109853	131104	65552	8	0
1047	5	3088275	111251	131104	65552	8	0
1050	5	3098225	109847	131104	65552	8	0
1053	5	3109452	111124	131104	65552	8	0
1056	5	3119363	109808	131104	65552	8	0
1058	4	3125745	106279	131104	65552	8	0
1060	4	3129105	103257	131104	65552	8	0
1062	4	3135810	106602	131104	65552	8	0
1065	5	3145775	109862	131104	65552	8	0
1068	5	3156983	111105	131104	65552	8	0
1071	5	3167061	109975	131104	65552	8	0
1074	5	3176769	109605	131104	65552	8	0
1077	5	3184286	107414	131104	65552	8	0
1080	5	3193953	109564	131104	65552	8	0
1083	5	3201823	107767	131104	65552	8	0
1086	5	3211215	109289	131104	65552	8	0
1089	5	3219409	108091	131104	65552	8	0
1092	5	3228232	108720	131104	65552	8	0
1095	5	3236343	108008	131104	65552	8	0
1098	5	3245801	109355	131104	65552	8	0
1102	6	3257721	111817	131104	65552	8	0
1104	4	3262457	104633	131104	65552	8	0
1106	4	3265796	103236	131104	65552	8	0
1108	4	3271990	106091	131104	65552	8	0
1110	4	3275354	103261	131104	65552	8	0
1112	4	3282053	106596	131104	65552	8	0
1114	4	3285313	103157	131104	65552	8	0
1116	4	3291255	105839	131104	65552	8	0
1118	4	3294505	103147	131104	65552	8	0
1120	4	3300756	106148	131104	65552	8	0
1122	4	3304185	103326	131104	65552	8	0
1124	4	3310850	106562	131104	65552	8	0
1126	4	3314273	103320	131104	65552	8	0
1128	4	3320245	105869	131104	65552	8	0
1130	4	3323478	103130	131104	65552	8	0
1132	4	3329675	106094	131104	65552	8	0
1134	4	3333001	103223	131104	65552	8	0
1136	4	3339331	106227	131104	65552	8	0
1138	4	3342701	103267	131104	65552	8	0
1140	4	3349291	106487	131104	65552	8	0
1142	4	3352515	103121	131104	65552	8	0
1144	4	3358701	106083	131104	65552	8	0
1146	4	3362037	103233	131104	65552	8	0
1148	4	3368299	106159	131104	65552	8	0
1150	4	3371719	103317	131104	65552	8	0
1152	4	3377939	106117	131104	65552	8	0
1154	4	3381200	103158	131104	65552	8	0
1156	4	3390440	109137	131104	65552	8	0
1159	5	3402160	111617	131104	65552	8	0
1161	4	3407273	105010	131104	65552	8	0
1163	4	3410773	103397	131104	65552	8	0
1165	4	3415573	104697	131104	65552	8	0
1167	4	3418904	103228	131104	65552	8	0
1169	4	3425097	106090	131104	65552	8	0
1171	4	3428446	103246	131104	65552	8	0
1173	4	3434773	106224	131104	65552	8	0
1175	4	3438101	103225	131104	65552	8	0
1177	4	3444831	106627	131104	65552	8	0
1179	4	3448120	103186	131104	65552	8	0
1181	4	3453192	104969	131104	65552	8	0
1183	4	3456509	103214	131104	65552	8	0
1185	4	3461637	105025	131104	65552	8	0
1187	4	3465050	103310	131104	65552	8	0
1189	4	3471271	106118	131104	65552	8	0
1191	4	3474613	103239	131104	65552	8	0
1193	4	3483811	109095	131104	65552	8	0
1195	4	3487064	103150	131104	65552	8	0
1197	4	3493398	106231	131104	65552	8	0
1199	4	3496641	103140	131104	65552	8	0
1201	4	3502856	106112	131104	65552	8	0
1203	4	3506526	103567	131104	65552	8	0
1205	4	3513421	106792	131104	65552	8	0
1207	4	3516667	103143	131104	65552	8	0
1209	4	3524122	107352	131104	65552	8	0
1211	4	3527387	103162	131104	65552	8	0
1213	4	3531971	104481	131104	65552	8	0
1216	5	3540381	108307	131104	65552	8	0
1219	5	3553175	112691	131104	65552	8	0
1222	5	3561541	108263	131104	65552	8	0
1224	4	3566212	104568	131104	65552	8	0
1226	4	3569551	103236	131104	65552	8	0
1228	4	3574502	104848	131104	65552	8	0
1230	4	3578028	103423	131104	65552	8	0
1232	4	3583172	105041	131104	65552	8	0
1234	4	3586500	103225	131104	65552	8	0
1236	4	3592405	105802	131104	65552	8	0
1238	4	3595785	103277	131104	65552	8	0
1240	4	3601978	106090	131104	65552	8	0
1242	4	3605325	103244	131104	65552	8	0
1244	4	3611537	106109	131104	65552	8	0
1246	4	3614869	103229	131104	65552	8	0
1248	4	3621091	106119	131104	65552	8	0
1250	4	3624441	103247	131104	65552	8	0
1252	4	3630704	106160	131104	65552	8	0
1254	4	3634053	103246	131104	65552	8	0
1256	4	3640369	106213	131104	65552	8	0
1258	4	3643750	103278	131104	65552	8	0
1260	4	3652359	108506	131104	65552	8	0
1262	4	3655618	103156	131104	65552	8	0
1264	4	3661685	105964	131104	65552	8	0
1266	4	3664985	103197	131104	65552	8	0
1268	4	3671642	106554	131104	65552	8	0
1270	4	3674905	103160	131104	65552	8	0
1272	4	3680012	105004	131104	65552	8	0
1274	4	3683367	103252	131104	65552	8	0
1276	4	3688328	104858	131104	65552	8	0
1278	4	3691712	103281	131104	65552	8	0
1280	4	3698251	106436	131104	65552	8	0
1282	4	3701649	103295	131104	65552	8	0
1284	4	3706604	104852	131104	65552	8	0
1286	4	3709993	103286	131104	65552	8	0
1288	4	3716187	106091	131104	65552	8	0
1290	4	3719536	103246	131104	65552	8	0
1292	4	3725748	106109	131104	65552	8	0
1294	4	3729074	103223	131104	65552	8	0
1296	4	3735981	106804	131104	65552	8	0
1298	4	3739234	103150	131104	65552	8	0
1300	4	3745320	105983	131104	65552	8	0
1302	4	3748576	103153	131104	65552	8	0
1304	4	3754785	106106	131104	65552	8	0
1306	4	3758115	103227	131104	65552	8	0
1308	4	3764445	106227	131104	65552	8	0
1311	5	3774274	109726	131104	65552	8	0
1314	5	3785495	111118	131104	65552	8	0
1317	5	3795362	109764	131104	65552	8	0
1320	5	3806567	111102	131104	65552	8	0
1323	5	3816613	109943	131104	65552	8	0
1326	5	3827944	111228	131104	65552	8	0
1329	5	3837852	109805	131104	65552	8	0
1332	5	3849144	111189	131104	65552	8	0
1335	5	3859087	109840	131104	65552	8	0
1338	5	3869207	110017	131104	65552	8	0
1341	5	3876493	107183	131104	65552	8	0
1344	5	3886656	110060	131104	65552	8	0
1347	5	3894209	107450	131104	65552	8	0
1349	4	3899476	105164	131104	65552	8	0
1352	5	3907251	107672	131104	65552	8	0
1355	5	3917393	110039	131104	65552	8	0
1358	5	3924322	106826	131104	65552	8	0
1360	4	3931642	107217	131104	65552	8	0
1362	4	3935077	103332	131104	65552	8	0
1365	5	3944477	109297	131104	65552	8	0
1368	5	3952649	108069	131104	65552	8	0
1371	5	3961553	108801	131104	65552	8	0
1374	5	3969455	107799	131104	65552	8	0
1377	5	3979488	109930	131104	65552	8	0
1381	6	3990874	111283	131104	65552	8	0
1384	5	4001023	110046	131104	65552	8	0
1387	5	4008904	107778	131104	65552	8	0
1390	5	4018979	109972	131104	65552	8	0
1393	5	4026958	107876	131104	65552	8	0
1395	4	4032140	105079	131104	65552	8	0
1397	4	4035488	103245	131104	65552	8	0
1399	4	4040565	104974	131104	65552	8	0
1401	4	4043955	103287	131104	65552	8	0
1403	4	4048916	104858	131104	65552	8	0
1405	4	4052258	103239	131104	65552	8	0
1407	4	4057332	104971	131104	65552	8	0
1410	5	4067478	110043	131104	65552	8	0
1413	5	4078574	110993	131104	65552	8	0
1416	5	4088822	110145	131104	65552	8	0
1419	5	4099891	110966	131104	65552	8	0
1422	5	4110127	110133	131104	65552	8	0
1425	5	4121379	111149	131104	65552	8	0
1428	5	4131515	110033	131104	65552	8	0
1431	5	4142622	111004	131104	65552	8	0
1434	5	4152745	110020	131104	65552	8	0
1437	5	4163838	110990	131104	65552	8	0
1440	5	4173992	110051	131104	65552	8	0
1443	5	4185091	110996	131104	65552	8	0
1446	5	4195222	110028	131104	65552	8	0
1449	5	4206860	111535	131104	65552	8	0
1452	5	4217000	110037	131104	65552	8	0
1455	5	4228141	111038	131104	65552	8	0
1458	5	4238253	110009	131104	65552	8	0
1461	5	4249003	110647	131104	65552	8	0
1464	5	4259137	110031	131104	65552	8	0
1467	5	4270289	111049	131104	65552	8	0
1470	5	4280401	110009	131104	65552	8	0
1473	5	4291507	111003	131104	65552	8	0
1476	5	4301783	110173	131104	65552	8	0
1479	5	4313111	111225	131104	65552	8	0
1482	5	4323352	110138	131104	65552	8	0
1485	5	4334585	111130	131104	65552	8	0
1488	5	4344710	110022	131104	65552	8	0
1491	5	4355835	111022	131104	65552	8	0
1494	5	4365947	110009	131104	65552	8	0
1497	5	4377114	111064	131104	65552	8	0
1500	5	4387238	110021	131104	65552	8	0
1503	5	4398433	111092	131104	65552	8	0
1506	5	4408492	109956	131104	65552	8	0
1509	5	4419604	111009	131104	65552	8	0
1512	5	4429727	110020	131104	65552	8	0
1515	5	4440841	111011	131104	65552	8	0
1518	5	4450881	109937	131104	65552	8	0
1520	4	4456143	105159	131104	65552	8	0
1522	4	4459498	103252	131104	65552	8	0
1524	4	4465692	106091	131104	65552	8	0
1526	4	4469014	103219	131104	65552	8	0
1528	4	4475931	106814	131104	65552	8	0
1530	4	4479286	103252	131104	65552	8	0
1533	5	4492237	112848	131104	65552	8	0
1536	5	4500513	108173	131104	65552	8	0
1538	4	4506841	106225	131104	65552	8	0
1540	4	4510186	103242	131104	65552	8	0
1542	4	4516400	106111	131104	65552	8	0
1544	4	4519776	103273	131104	65552	8	0
1546	4	4526175	106296	131104	65552	8	0
1548	4	4529433	103155	131104	65552	8	0
1550	4	4536003	106467	131104	65552	8	0
1552	4	4539430	103324	131104	65552	8	0
1554	4	4547178	107645	131104	65552	8	0
1556	4	4550100	102819	131104	65552	8	0
1558	4	4556295	106092	131104	65552	8	0
1560	4	4559645	103247	131104	65552	8	0
1562	4	4566196	106448	131104	65552	8	0
1564	4	4569550	103251	131104	65552	8	0
1566	4	4576199	106546	131104	65552	8	0
1568	4	4579423	103121	131104	65552	8	0
1570	4	4585660	106134	131104	65552	8	0
1572	4	4589009	103246	131104	65552	8	0
1574	4	4595360	106248	131104	65552	8	0
1576	4	4598696	103233	131104	65552	8	0
1579	5	4608083	109284	131104	65552	8	0
1582	5	4616171	107985	131104	65552	8	0
1585	5	4625356	109082	131104	65552	8	0
1588	5	4633497	108038	131104	65552	8	0
1591	5	4643786	110186	131104	65552	8	0
1594	5	4651707	107818	131104	65552	8	0
1597	5	4661799	109989	131104	65552	8	0
1600	5	4669760	107858	131104	65552	8	0
1603	5	4682985	113122	131104	65552	8	0
1606	5	4690937	107849	131104	65552	8	0
1609	5	4704176	113136	131104	65552	8	0
1612	5	4712129	107850	131104	65552	8	0
1615	5	4725477	113245	131104	65552	8	0
1618	5	4733531	107951	131104	65552	8	0
1620	4	4738717	105083	131104	65552	8	0
1623	5	4746745	107925	131104	65552	8	0
1626	5	4759960	113112	131104	65552	8	0
1629	5	4767998	107935	131104	65552	8	0
1632	5	4781593	113492	131104	65552	8	0
1635	5	4789353	107657	131104	65552	8	0
1637	4	4794684	105228	131104	65552	8	0
1639	4	4797977	103190	131104	65552	8	0
1641	4	4803294	105214	131104	65552	8	0
1643	4	4806640	103243	131104	65552	8	0
1645	4	4812819	106076	131104	65552	8	0
1647	4	4816157	103235	131104	65552	8	0
1649	4	4822707	106447	131104	65552	8	0
1651	4	4826062	103252	131104	65552	8	0
1653	4	4832613	106448	131104	65552	8	0
1655	4	4835921	103205	131104	65552	8	0
1657	4	4842133	106109	131104	65552	8	0
1659	4	4845511	103275	131104	65552	8	0
1661	4	4851749	106135	131104	65552	8	0
1663	4	4855071	103219	131104	65552	8	0
1665	4	4861379	106205	131104	65552	8	0
1667	4	4864673	103191	131104	65552	8	0
1669	4	4871347	106571	131104	65552	8	0
1671	4	4874598	103148	131104	65552	8	0
1673	4	4881486	106785	131104	65552	8	0
1676	5	4891344	109755	131104	65552	8	0
1679	5	4902596	111149	131104	65552	8	0
1682	5	4912590	109891	131104	65552	8	0
1685	5	4922253	109560	131104	65552	8	0
1688	5	4929660	107304	131104	65552	8	0
1691	5	4939575	109812	131104	65552	8	0
1695	6	4951319	111641	131104	65552	8	0
1697	4	4956596	105174	131104	65552	8	0
1699	4	4960037	103338	131104	65552	8	0
1701	4	4965954	105814	131104	65552	8	0
1703	4	4969295	103238	131104	65552	8	0
1705	4	4975514	106116	131104	65552	8	0
1707	4	4978875	103258	131104	65552	8	0
1709	4	4985096	106118	131104	65552	8	0
1711	4	4988438	103239	131104	65552	8	0
1713	4	4994774	106233	131104	65552	8	0
1715	4	4998123	103246	131104	65552	8	0
1717	4	5004700	106474	131104	65552	8	0
1719	4	5008024	103221	131104	65552	8	0
1721	4	5017380	109253	131104	65552	8	0
1723	4	5020609	103126	131104	65552	8	0
1725	4	5027585	106873	131104	65552	8	0
1727	4	5031050	103362	131104	65552	8	0
1729	4	5037896	106743	131104	65552	8	0
1731	4	5041257	103258	131104	65552	8	0
1733	4	5047277	105917	131104	65552	8	0
1735	4	5050502	103122	131104	65552	8	0
1737	4	5057129	106524	131104	65552	8	0
1739	4	5060512	103280	131104	65552	8	0
1741	4	5066819	106204	131104	65552	8	0
1743	4	5070102	103180	131104	65552	8	0
1745	4	5076359	106154	131104	65552	8	0
1747	4	5079740	103278	131104	65552	8	0
1749	4	5089199	109356	131104	65552	8	0
1751	4	5092506	103204	131104	65552	8	0
1753	4	5098880	106271	131104	65552	8	0
1755	4	5102266	103283	131104	65552	8	0
1757	4	5107460	105091	131104	65552	8	0
1759	4	5110877	103314	131104	65552	8	0
1761	4	5118857	107877	131104	65552	8	0
1763	4	5122091	103131	131104	65552	8	0
1765	4	5128138	105944	131104	65552	8	0
1767	4	5131394	103153	131104	65552	8	0
1769	4	5137672	106175	131104	65552	8	0
1771	4	5141036	103261	131104	65552	8	0
1773	4	5145998	104859	131104	65552	8	0
1775	4	5149359	103258	131104	65552	8	0
1777	4	5154465	105003	131104	65552	8	0
1779	4	5157822	103254	131104	65552	8	0
1781	4	5162797	104872	131104	65552	8	0
1783	4	5166126	103226	131104	65552	8	0
1785	4	5171197	104968	131104	65552	8	0
1788	5	5181698	110398	131104	65552	8	0
1791	5	5192771	110970	131104	65552	8	0
1794	5	5202954	110080	131104	65552	8	0
1797	5	5214145	111088	131104	65552	8	0
1800	5	5224322	110074	131104	65552	8	0
1803	5	5235462	111037	131104	65552	8	0
1806	5	5245611	110046	131104	65552	8	0
1809	5	5256723	111009	131104	65552	8	0
1812	5	5266848	110022	131104	65552	8	0
1815	5	5277933	110982	131104	65552	8	0
1818	5	5288153	110117	131104	65552	8	0
1821	5	5299653	111397	131104	65552	8	0
1823	4	5302983	103227	131104	65552	8	0
1825	4	5309056	105970	131104	65552	8	0
1827	4	5312384	103225	131104	65552	8	0
1829	4	5318636	106149	131104	65552	8	0
1831	4	5321960	103221	131104	65552	8	0
1833	4	5326959	104896	131104	65552	8	0
1835	4	5330473	103411	131104	65552	8	0
1837	4	5335549	104973	131104	65552	8	0
1839	4	5338936	103284	131104	65552	8	0
1841	4	5343939	104900	131104	65552	8	0
1844	5	5350786	106744	131104	65552	8	0
1847	5	5361525	110636	131104	65552	8	0
1850	5	5368035	106407	131104	65552	8	0
1853	5	5378972	110834	131104	65552	8	0
1857	6	5389621	110546	131104	65552	8	0
1859	4	5394839	105115	131104	65552	8	0
1861	4	5398202	103260	131104	65552	8	0
1863	4	5405196	106891	131104	65552	8	0
1865	4	5408433	103134	131104	65552	8	0
1867	4	5415140	106604	131104	65552	8	0
1869	4	5418403	103160	131104	65552	8	0
1871	4	5425272	106766	131104	65552	8	0
1873	4	5428553	103178	131104	65552	8	0
1875	4	5435128	106472	131104	65552	8	0
1877	4	5438323	103092	131104	65552	8	0
1879	4	5444546	106120	131104	65552	8	0
1881	4	5447967	103318	131104	65552	8	0
1883	4	5454184	106114	131104	65552	8	0
1885	4	5457540	103253	131104	65552	8	0
1887	4	5466707	109064	131104	65552	8	0
1889	4	5469625	102815	131104	65552	8	0
1891	4	5475823	106095	131104	65552	8	0
1893	4	5479155	103229	131104	65552	8	0
1895	4	5485484	106226	131104	65552	8	0
1897	4	5488715	103128	131104	65552	8	0
1899	4	5495076	106258	131104	65552	8	0
1901	4	5498370	103191	131104	65552	8	0
1903	4	5505452	106979	131104	65552	8	0
1906	5	5515453	109898	131104	65552	8	0
1909	5	5524717	109161	131104	65552	8	0
1912	5	5532612	107792	131104	65552	8	0
1915	5	5545864	113149	131104	65552	8	0
1918	5	5553786	107819	131104	65552	8	0
1920	4	5558853	104964	131104	65552	8	0
1922	4	5562225	103269	131104	65552	8	0
1924	4	5567309	104981	131104	65552	8	0
1926	4	5570713	103301	131104	65552	8	0
1928	4	5576617	105801	131104	65552	8	0
1930	4	5579969	103249	131104	65552	8	0
1932	4	5585918	105846	131104	65552	8	0
1934	4	5589205	103184	131104	65552	8	0
1936	4	5595752	106444	131104	65552	8	0
1938	4	5599008	103153	131104	65552	8	0
1940	4	5604046	104935	131104	65552	8	0
1942	4	5607364	103215	131104	65552	8	0
1944	4	5612326	104859	131104	65552	8	0
1946	4	5615669	103240	131104	65552	8	0
1948	4	5620742	104970	131104	65552	8	0
1950	4	5624054	103209	131104	65552	8	0
1952	4	5630247	106090	131104	65552	8	0
1954	4	5633568	103218	131104	65552	8	0
1956	4	5639843	106172	131104	65552	8	0
1958	4	5643206	103260	131104	65552	8	0
1960	4	5652644	109335	131104	65552	8	0
1962	4	5655912	103165	131104	65552	8	0
1964	4	5662247	106232	131104	65552	8	0
1966	4	5665527	103177	131104	65552	8	0
1968	4	5671726	106096	131104	65552	8	0
1970	4	5675091	103262	131104	65552	8	0
1972	4	5681431	106237	131104	65552	8	0
1974	4	5684761	103227	131104	65552	8	0
1976	4	5688149	103285	131104	65552	8	0
1978	4	5691473	103221	131104	65552	8	0
1980	4	5697647	106071	131104	65552	8	0
1982	4	5700981	103231	131104	65552	8	0
1984	4	5707193	106109	131104	65552	8	0
1986	4	5710633	103337	131104	65552	8	0
1988	4	5716840	106104	131104	65552	8	0
1990	4	5720193	103250	131104	65552	8	0
1992	4	5726480	106184	131104	65552	8	0
1994	4	5729851	103268	131104	65552	8	0
1996	4	5736048	106094	131104	65552	8	0
1998	4	5739338	103187	131104	65552	8	0
2000	4	5748702	109261	131104	65552	8	0
2002	4	5751941	103136	131104	65552	8	0
2004	4	5758331	106287	131104	65552	8	0
2007	5	5768594	110160	131104	65552	8	0
2010	5	5779450	110753	131104	65552	8	0
2013	5	5789749	110196	131104	65552	8	0
2016	5	5799494	109642	131104	65552	8	0
2019	5	5806889	107292	131104	65552	8	0
2022	5	5816910	109918	131104	65552	8	0
2025	5	5824199	107186	131104	65552	8	0
2027	4	5831135	106833	131104	65552	8	0
2029	4	5834443	103205	131104	65552	8	0
2031	4	5841295	106749	131104	65552	8	0
2033	4	5844605	103207	131104	65552	8	0
2035	4	5850808	106100	131104	65552	8	0
2037	4	5854219	103308	131104	65552	8	0
2039	4	5860476	106154	131104	65552	8	0
2041	4	5863745	103166	131104	65552	8	0
2043	4	5870180	106332	131104	65552	8	0
2045	4	5873378	103095	131104	65552	8	0
2047	4	5879574	106093	131104	65552	8	0
2049	4	5882846	103169	131104	65552	8	0
2051	4	5885600	102651	131104	65552	8	0
2053	4	5888951	103248	131104	65552	8	0
2055	4	5895163	106109	131104	65552	8	0
2057	4	5898445	103179	131104	65552	8	0
2059	4	5904648	106100	131104	65552	8	0
2061	4	5908010	103259	131104	65552	8	0
2064	5	5917367	109254	131104	65552	8	0
2067	5	5926022	108552	131104	65552	8	0
2070	5	5934434	108309	131104	65552	8	0
2073	5	5942370	107833	131104	65552	8	0
2076	5	5955584	113111	131104	65552	8	0
2079	5	5963640	107953	131104	65552	8	0
2082	5	5976900	113157	131104	65552	8	0
2085	5	5984843	107840	131104	65552	8	0
2087	4	5989970	105024	131104	65552	8	0
2090	5	5997960	107887	131104	65552	8	0
2093	5	6007830	109767	131104	65552	8	0
2097	6	6018976	111043	131104	65552	8	0
2099	4	6024296	105217	131104	65552	8	0
2101	4	6027698	103299	131104	65552	8	0
2103	4	6033594	105793	131104	65552	8	0
2105	4	6037061	103364	131104	65552	8	0
2107	4	6043390	106226	131104	65552	8	0
2109	4	6046694	103201	131104	65552	8	0
2111	4	6052888	106091	131104	65552	8	0
2113	4	6056213	103222	131104	65552	8	0
2115	4	6062539	106223	131104	65552	8	0
2117	4	6065790	103148	131104	65552	8	0
2119	4	6072006	106113	131104	65552	8	0
2121	4	6075350	103241	131104	65552	8	0
2123	4	6080380	104927	131104	65552	8	0
2125	4	6083728	103245	131104	65552	8	0
2127	4	6088802	104971	131104	65552	8	0
2129	4	6092143	103238	131104	65552	8	0
2131	4	6098448	106202	131104	65552	8	0
2133	4	6101780	103229	131104	65552	8	0
2135	4	6106318	104435	131104	65552	8	0
2137	4	6109640	103219	131104	65552	8	0
2139	4	6115544	105801	131104	65552	8	0
2141	4	6118898	103251	131104	65552	8	0
2143	4	6124791	105790	131104	65552	8	0
2145	4	6128128	103234	131104	65552	8	0
2147	4	6134406	106175	131104	65552	8	0
2149	4	6137632	103123	131104	65552	8	0
2151	4	6143861	106126	131104	65552	8	0
2153	4	6147695	103731	131104	65552	8	0
2155	4	6154641	106843	131104	65552	8	0
2158	5	6164307	109563	131104	65552	8	0
2161	5	6173556	109146	131104	65552	8	0
2164	5	6181333	107674	131104	65552	8	0
2167	5	6190983	109547	131104	65552	8	0
2170	5	6198254	107168	131104	65552	8	0
2172	4	6204917	106560	131104	65552	8	0
2174	4	6208153	103133	131104	65552	8	0
2176	4	6216806	108550	131104	65552	8	0
2178	4	6220040	103131	131104	65552	8	0
2180	4	6225970	105827	131104	65552	8	0
2182	4	6229344	103271	131104	65552	8	0
2184	4	6235530	106083	131104	65552	8	0
2186	4	6238869	103236	131104	65552	8	0
2188	4	6245504	106532	131104	65552	8	0
2190	4	6248763	103156	131104	65552	8	0
2192	4	6256089	107223	131104	65552	8	0
2195	5	6265389	109197	131104	65552	8	0
2198	5	6274566	109074	131104	65552	8	0
2201	5	6282285	107616	131104	65552	8	0
2204	5	6291927	109539	131104	65552	8	0
2208	6	6303713	111683	131104	65552	8	0
2211	5	6313408	109592	131104	65552	8	0
2214	5	6321384	107873	131104	65552	8	0
2217	5	6331089	109602	131104	65552	8	0
2221	6	6342851	111659	131104	65552	8	0
2224	5	6352597	109643	131104	65552	8	0
2227	5	6360324	107624	131104	65552	8	0
2230	5	6370066	109639	131104	65552	8	0
2233	5	6377418	107249	131104	65552	8	0
2236	5	6386703	109182	131104	65552	8	0
2239	5	6394815	108009	131104	65552	8	0
2242	5	6403590	108672	131104	65552	8	0
2245	5	6411643	107950	131104	65552	8	0
2248	5	6421111	109365	131104	65552	8	0
2251	5	6427821	106607	131104	65552	8	0
2254	5	6436820	108896	131104	65552	8	0
2257	5	6443022	106099	131104	65552	8	0
2260	5	6453454	110329	131104	65552	8	0
2264	6	6464513	110956	131104	65552	8	0
2267	5	6474892	110276	131104	65552	8	0
2270	5	6480989	105994	131104	65552	8	0
2273	5	6491335	110243	131104	65552	8	0
2276	5	6499595	108157	131104	65552	8	0
2278	4	6505847	106149	131104	65552	8	0
2280	4	6509173	103223	131104	65552	8	0
2282	4	6515475	106199	131104	65552	8	0
2284	4	6518715	103137	131104	65552	8	0
2286	4	6527450	108632	131104	65552	8	0
2288	4	6530727	103174	131104	65552	8	0
2290	4	6536954	106124	131104	65552	8	0
2292	4	6540186	103129	131104	65552	8	0
2294	4	6546911	106622	131104	65552	8	0
2296	4	6550187	103173	131104	65552	8	0
2298	4	6557473	107183	131104	65552	8	0
2300	4	6560689	103113	131104	65552	8	0
2302	4	6567061	106269	131104	65552	8	0
2304	4	6570301	103137	131104	65552	8	0
2306	4	6576862	106458	131104	65552	8	0
2308	4	6580134	103169	131104	65552	8	0
2310	4	6586484	106247	131104	65552	8	0
2312	4	6589804	103217	131104	65552	8	0
2314	4	6593473	103566	131104	65552	8	0
2316	4	6596759	103183	131104	65552	8	0
2318	4	6601721	104859	131104	65552	8	0
2320	4	6605019	103195	131104	65552	8	0
2322	4	6611215	106093	131104	65552	8	0
2324	4	6614502	103184	131104	65552	8	0
2326	4	6617899	103294	131104	65552	8	0
2328	4	6621280	103278	131104	65552	8	0
2330	4	6626241	104858	131104	65552	8	0
2332	4	6629573	103229	131104	65552	8	0
2334	4	6634650	104974	131104	65552	8	0
2336	4	6638031	103278	131104	65552	8	0
2338	4	6643934	105800	131104	65552	8	0
2340	4	6647202	103165	131104	65552	8	0
2342	4	6652530	105225	131104	65552	8	0
2344	4	6655888	103255	131104	65552	8	0
2346	4	6661841	105850	131104	65552	8	0
2348	4	6665205	103261	131104	65552	8	0
2350	4	6671503	106195	131104	65552	8	0
2352	4	6674731	103125	131104	65552	8	0
2354	4	6681050	106216	131104	65552	8	0
2356	4	6684323	103170	131104	65552	8	0
2358	4	6690516	106090	131104	65552	8	0
2360	4	6693798	103179	131104	65552	8	0
2362	4	6699702	105801	131104	65552	8	0
2364	4	6703053	103248	131104	65552	8	0
2366	4	6709247	106091	131104	65552	8	0
2368	4	6712601	103251	131104	65552	8	0
2370	4	6718794	106090	131104	65552	8	0
2372	4	6722074	103177	131104	65552	8	0
2374	4	6728268	106091	131104	65552	8	0
2376	4	6731597	103226	131104	65552	8	0
2378	4	6738291	106591	131104	65552	8	0
2380	4	6741529	103135	131104	65552	8	0
2382	4	6747744	106112	131104	65552	8	0
2384	4	6751112	103265	131104	65552	8	0
2386	4	6757669	106454	131104	65552	8	0
2388	4	6760992	103220	131104	65552	8	0
2390	4	6767549	106454	131104	65552	8	0
2392	4	6770908	103256	131104	65552	8	0
2394	4	6777848	106837	131104	65552	8	0
2396	4	6781134	103183	131104	65552	8	0
2398	4	6790417	109180	131104	65552	8	0
2400	4	6793647	103127	131104	65552	8	0
2402	4	6801265	107515	131104	65552	8	0
2404	4	6804499	103131	131104	65552	8	0
2406	4	6813134	108532	131104	65552	8	0
2408	4	6816377	103140	131104	65552	8	0
2410	4	6822374	105894	131104	65552	8	0
2412	4	6825628	103151	131104	65552	8	0
2414	4	6831539	105808	131104	65552	8	0
2416	4	6834955	103313	131104	65552	8	0
2418	4	6841194	106136	131104	65552	8	0
2420	4	6844513	103216	131104	65552	8	0
2422	4	6850834	106218	131104	65552	8	0
2425	5	6860663	109726	131104	65552	8	0
2428	5	6871911	111145	131104	65552	8	0
2431	5	6881773	109759	131104	65552	8	0
2434	5	6893036	111160	131104	65552	8	0
2437	5	6902980	109841	131104	65552	8	0
2440	5	6914260	111177	131104	65552	8	0
2443	5	6924317	109954	131104	65552	8	0
2446	5	6935541	111121	131104	65552	8	0
2449	5	6945639	109995	131104	65552	8	0
2452	5	6957053	111311	131104	65552	8	0
2455	5	6967194	110038	131104	65552	8	0
2458	5	6976934	109637	131104	65552	8	0
2462	6	6989237	112200	131104	65552	8	0
2465	5	6998848	109508	131104	65552	8	0
2468	5	7006331	107380	131104	65552	8	0
2471	5	7016271	109837	131104	65552	8	0
2475	6	7027775	111401	131104	65552	8	0
2478	5	7037794	109916	131104	65552	8	0
2481	5	7045312	107415	131104	65552	8	0
2484	5	7055405	109990	131104	65552	8	0
2488	6	7066748	111240	131104	65552	8	0
2490	4	7071560	104709	131104	65552	8	0
2492	4	7075211	103548	131104	65552	8	0
2494	4	7080170	104856	131104	65552	8	0
2496	4	7083539	103266	131104	65552	8	0
2498	4	7089732	106090	131104	65552	8	0
2500	4	7093010	103175	131104	65552	8	0
2502	4	7099191	106078	131104	65552	8	0
2504	4	7102512	103218	131104	65552	8	0
2506	4	7108421	105806	131104	65552	8	0
2508	4	7111748	103224	131104	65552	8	0
2510	4	7117941	106090	131104	65552	8	0
2512	4	7121297	103253	131104	65552	8	0
2514	4	7127633	106233	131104	65552	8	0
2516	4	7130894	103158	131104	65552	8	0
2518	4	7137190	106193	131104	65552	8	0
2520	4	7140454	103161	131104	65552	8	0
2522	4	7146761	106204	131104	65552	8	0
2524	4	7150009	103145	131104	65552	8	0
2526	4	7155076	104964	131104	65552	8	0
2528	4	7158422	103243	131104	65552	8	0
2530	4	7164647	106122	131104	65552	8	0
2532	4	7167990	103240	131104	65552	8	0
2534	4	7174184	106091	131104	65552	8	0
2536	4	7177554	103267	131104	65552	8	0
2538	4	7183634	105977	131104	65552	8	0
2540	4	7186930	103193	131104	65552	8	0
2542	4	7193117	106084	131104	65552	8	0
2544	4	7196426	103206	131104	65552	8	0
2546	4	7202620	106091	131104	65552	8	0
2548	4	7205962	103239	131104	65552	8	0
2550	4	7212265	106200	131104	65552	8	0
2552	4	7215539	103171	131104	65552	8	0
2554	4	7221742	106100	131104	65552	8	0
2556	4	7225129	103284	131104	65552	8	0
2558	4	7231757	106525	131104	65552	8	0
2560	4	7235123	103263	131104	65552	8	0
2562	4	7241970	106744	131104	65552	8	0
2564	4	7245290	103217	131104	65552	8	0
2566	4	7251245	105852	131104	65552	8	0
2568	4	7254579	103231	131104	65552	8	0
2570	4	7259698	105016	131104	65552	8	0
2572	4	7262916	103115	131104	65552	8	0
2574	4	7269120	106101	131104	65552	8	0
2576	4	7272468	103245	131104	65552	8	0
2578	4	7278732	106161	131104	65552	8	0
2580	4	7281966	103131	131104	65552	8	0
2582	4	7288183	106114	131104	65552	8	0
2584	4	7291573	103287	131104	65552	8	0
2586	4	7296535	104859	131104	65552	8	0
2588	4	7299899	103261	131104	65552	8	0
2590	4	7304972	104970	131104	65552	8	0
2592	4	7308336	103261	131104	65552	8	0
2594	4	7314585	106146	131104	65552	8	0
2596	4	7317957	103269	131104	65552	8	0
2598	4	7325197	107137	131104	65552	8	0
2600	4	7328444	103144	131104	65552	8	0
2602	4	7334651	106104	131104	65552	8	0
2604	4	7337971	103217	131104	65552	8	0
2606	4	7344308	106234	131104	65552	8	0
2608	4	7347574	103163	131104	65552	8	0
2610	4	7353934	106257	131104	65552	8	0
2612	4	7357258	103221	131104	65552	8	0
2614	4	7363470	106109	131104	65552	8	0
2616	4	7366829	103256	131104	65552	8	0
2618	4	7373553	106621	131104	65552	8	0
2620	4	7376801	103145	131104	65552	8	0
2622	4	7383131	106227	131104	65552	8	0
2624	4	7386459	103225	131104	65552	8	0
2626	4	7392652	106090	131104	65552	8	0
2629	5	7402541	109786	131104	65552	8	0
2632	5	7413782	111138	131104	65552	8	0
2635	5	7423713	109828	131104	65552	8	0
2638	5	7435021	111205	131104	65552	8	0
2641	5	7444973	109849	131104	65552	8	0
2644	5	7456304	111228	131104	65552	8	0
2647	5	7466277	109870	131104	65552	8	0
2650	5	7477361	110981	131104	65552	8	0
2653	5	7484005	106541	131104	65552	8	0
2656	5	7494428	110320	131104	65552	8	0
2659	5	7502559	108028	131104	65552	8	0
2662	5	7515970	113308	131104	65552	8	0
2665	5	7523816	107743	131104	65552	8	0
2667	4	7529170	105251	131104	65552	8	0
2670	5	7537352	108079	131104	65552	8	0
2673	5	7550602	113147	131104	65552	8	0
2676	5	7558552	107847	131104	65552	8	0
2679	5	7571881	113226	131104	65552	8	0
2682	5	7579829	107845	131104	65552	8	0
2685	5	7593196	113264	131104	65552	8	0
2688	5	7601016	107717	131104	65552	8	0
2690	4	7606262	105143	131104	65552	8	0
2692	4	7609564	103199	131104	65552	8	0
2694	4	7614899	105232	131104	65552	8	0
2696	4	7618216	103214	131104	65552	8	0
2698	4	7624097	105778	131104	65552	8	0
2700	4	7627388	103188	131104	65552	8	0
2702	4	7633568	106077	131104	65552	8	0
2704	4	7636853	103182	131104	65552	8	0
2706	4	7643104	106148	131104	65552	8	0
2708	4	7646494	103287	131104	65552	8	0
2710	4	7652959	106362	131104	65552	8	0
2712	4	7656202	103140	131104	65552	8	0
2714	4	7662488	106183	131104	65552	8	0
2716	4	7665671	103080	131104	65552	8	0
2718	4	7669922	104148	131104	65552	8	0
2720	4	7673164	103139	131104	65552	8	0
2722	4	7679377	106110	131104	65552	8	0
2724	4	7682704	103224	131104	65552	8	0
2726	4	7688879	106072	131104	65552	8	0
2728	4	7692165	103183	131104	65552	8	0
2730	4	7698382	106114	131104	65552	8	0
2732	4	7701632	103147	131104	65552	8	0
2734	4	7707917	106182	131104	65552	8	0
2736	4	7711223	103203	131104	65552	8	0
2738	4	7717556	106230	131104	65552	8	0
2740	4	7720795	103136	131104	65552	8	0
2742	4	7726998	106100	131104	65552	8	0
2744	4	7730203	103102	131104	65552	8	0
2746	4	7736398	106092	131104	65552	8	0
2749	5	7746217	109716	131104	65552	8	0
2752	5	7757592	111272	131104	65552	8	0
2755	5	7767442	109747	131104	65552	8	0
2758	5	7777169	109624	131104	65552	8	0
2761	5	7784567	107295	131104	65552	8	0
2764	5	7794589	109919	131104	65552	8	0
2768	6	7806067	111375	131104	65552	8	0
2771	5	7816128	109958	131104	65552	8	0
2774	5	7823400	107169	131104	65552	8	0
2777	5	7833388	109885	131104	65552	8	0
2780	5	7840627	107136	131104	65552	8	0
2783	5	7850649	109919	131104	65552	8	0
2786	5	7857890	107138	131104	65552	8	0
2788	4	7862578	104585	131104	65552	8	0
2790	4	7865706	103025	131104	65552	8	0
2792	4	7870631	104822	131104	65552	8	0
2794	4	7873877	103143	131104	65552	8	0
2796	4	7878815	104835	131104	65552	8	0
2798	4	7882361	103443	131104	65552	8	0
2800	4	7887303	104839	131104	65552	8	0
2803	5	7895673	108267	131104	65552	8	0
2806	5	7908521	112745	131104	65552	8	0
2809	5	7916801	108177	131104	65552	8	0
2812	5	7929702	112798	131104	65552	8	0
2815	5	7938060	108255	131104	65552	8	0
2818	5	7951131	112968	131104	65552	8	0
2821	5	7959464	108230	131104	65552	8	0
2824	5	7972501	112934	131104	65552	8	0
2827	5	7980694	108090	131104	65552	8	0
2830	5	7993599	112802	131104	65552	8	0
2833	5	8001795	108093	131104	65552	8	0
2836	5	8014662	112764	131104	65552	8	0
2839	5	8023001	108236	131104	65552	8	0
2842	5	8036072	112968	131104	65552	8	0
2845	5	8044313	108138	131104	65552	8	0
2848	5	8057185	112769	131104	65552	8	0
2851	5	8065538	108250	131104	65552	8	0
2854	5	8078404	112763	131104	65552	8	0
2857	5	8086780	108273	131104	65552	8	0
2859	4	8091895	105012	131104	65552	8	0
2861	4	8095085	103087	131104	65552	8	0
2863	4	8100176	104988	131104	65552	8	0
2865	4	8103380	103101	131104	65552	8	0
2867	4	8109575	106092	131104	65552	8	0
2869	4	8112715	103037	131104	65552	8	0
2871	4	8118962	106144	131104	65552	8	0
2874	5	8128780	109715	131104	65552	8	0
2877	5	8140162	111279	131104	65552	8	0
2880	5	8150012	109747	131104	65552	8	0
2883	5	8161431	111316	131104	65552	8	0
2886	5	8171398	109864	131104	65552	8	0
2889	5	8182814	111313	131104	65552	8	0
2892	5	8192711	109794	131104	65552	8	0
2895	5	8204273	111459	131104	65552	8	0
2898	5	8214070	109694	131104	65552	8	0
2901	5	8225549	111376	131104	65552	8	0
2904	5	8235247	109595	131104	65552	8	0
2907	5	8246772	111422	131104	65552	8	0
2910	5	8256618	109743	131104	65552	8	0
2912	4	8263035	106314	131104	65552	8	0
2915	5	8273039	109901	131104	65552	8	0
2918	5	8284535	111393	131104	65552	8	0
2920	4	8287869	103231	131104	65552	8	0
2922	4	8294875	106903	131104	65552	8	0
2924	4	8298032	103054	131104	65552	8	0
2926	4	8305295	107160	131104	65552	8	0
2928	4	8308403	103005	131104	65552	8	0
2930	4	8314729	106223	131104	65552	8	0
2933	5	8324457	109625	131104	65552	8	0
2936	5	8335899	111339	131104	65552	8	0
2939	5	8345797	109795	131104	65552	8	0
2942	5	8357298	111398	131104	65552	8	0
2945	5	8367149	109748	131104	65552	8	0
2948	5	8378705	111453	131104	65552	8	0
2951	5	8388502	109694	131104	65552	8	0
2954	5	8399998	111393	131104	65552	8	0
2957	5	8409761	109660	131104	65552	8	0
2960	5	8421206	111342	131104	65552	8	0
2963	5	8430903	109594	131104	65552	8	0
2966	5	8442477	111471	131104	65552	8	0
2969	5	8452131	109551	131104	65552	8	0
2972	5	8463524	111290	131104	65552	8	0
2975	5	8473307	109680	131104	65552	8	0
2978	5	8484790	111380	131104	65552	8	0
2981	5	8494568	109675	131104	65552	8	0
2984	5	8504290	109619	131104	65552	8	0
2987	5	8511583	107190	131104	65552	8	0
2990	5	8521688	110002	131104	65552	8	0
2994	6	8533053	111262	131104	65552	8	0
2997	5	8543147	109991	131104	65552	8	0
3000	5	8550435	107185	131104	65552	8	0
3003	5	8560563	110025	131104	65552	8	0
3007	6	8571922	111256	131104	65552	8	0
3010	5	8582256	110231	131104	65552	8	0
3013	5	8589566	107207	131104	65552	8	0
3016	5	8599761	110092	131104	65552	8	0
3020	6	8611223	111359	131104	65552	8	0
3022	4	8615814	104488	131104	65552	8	0
3025	5	8624049	108132	131104	65552	8	0
3028	5	8634036	109884	131104	65552	8	0
3031	5	8640541	106402	131104	65552	8	0
3034	5	8650734	110090	131104	65552	8	0
3037	5	8658620	107783	131104	65552	8	0
3040	5	8667214	108491	131104	65552	8	0
3043	5	8675551	108234	131104	65552	8	0
3046	5	8688466	112812	131104	65552	8	0
3049	5	8696695	108126	131104	65552	8	0
3052	5	8709966	113168	131104	65552	8	0
3055	5	8718293	108224	131104	65552	8	0
3058	5	8731200	112804	131104	65552	8	0
3061	5	8739455	108152	131104	65552	8	0
3063	4	8744715	105157	131104	65552	8	0
3065	4	8747840	103022	131104	65552	8	0
3067	4	8754049	106106	131104	65552	8	0
3069	4	8757214	103062	131104	65552	8	0
3071	4	8763592	106275	131104	65552	8	0
3073	4	8766756	103061	131104	65552	8	0
3075	4	8773311	106452	131104	65552	8	0
3077	4	8776384	102970	131104	65552	8	0
3079	4	8782991	106504	131104	65552	8	0
3081	4	8786195	103101	131104	65552	8	0
3083	4	8791273	104975	131104	65552	8	0
3085	4	8794458	103082	131104	65552	8	0
3087	4	8799543	104982	131104	65552	8	0
3089	4	8802709	103063	131104	65552	8	0
3091	4	8807196	104384	131104	65552	8	0
3093	4	8810343	103044	131104	65552	8	0
3095	4	8815261	104815	131104	65552	8	0
3097	4	8818432	103068	131104	65552	8	0
3099	4	8823508	104973	131104	65552	8	0
3102	5	8831755	108144	131104	65552	8	0
3105	5	8844705	112847	131104	65552	8	0
3108	5	8853068	108260	131104	65552	8	0
3110	4	8858351	105180	131104	65552	8	0
3112	4	8861518	103064	131104	65552	8	0
3114	4	8867731	106110	131104	65552	8	0
3116	4	8870907	103073	131104	65552	8	0
3118	4	8877112	106102	131104	65552	8	0
3120	4	8880297	103082	131104	65552	8	0
3122	4	8885309	104909	131104	65552	8	0
3124	4	8888512	103100	131104	65552	8	0
3126	4	8894707	106092	131104	65552	8	0
3128	4	8897513	102703	131104	65552	8	0
3130	4	8903720	106104	131104	65552	8	0
3132	4	8906948	103125	131104	65552	8	0
3134	4	8913139	106088	131104	65552	8	0
3136	4	8916316	103074	131104	65552	8	0
3138	4	8920260	103841	131104	65552	8	0
3141	5	8928190	107827	131104	65552	8	0
3144	5	8937548	109255	131104	65552	8	0
3147	5	8945463	107812	131104	65552	8	0
3149	4	8949624	104058	131104	65552	8	0
3152	5	8957503	107776	131104	65552	8	0
3155	5	8967014	109408	131104	65552	8	0
3158	5	8974953	107836	131104	65552	8	0
3161	5	8984627	109571	131104	65552	8	0
3164	5	8992522	107792	131104	65552	8	0
3167	5	9002112	109487	131104	65552	8	0
3170	5	9009981	107766	131104	65552	8	0
3172	4	9014127	104043	131104	65552	8	0
3174	4	9017548	103318	131104	65552	8	0
3176	4	9023767	106116	131104	65552	8	0
3178	4	9027010	103140	131104	65552	8	0
3180	4	9033311	106198	131104	65552	8	0
3183	5	9043062	109648	131104	65552	8	0
3186	5	9054458	111293	131104	65552	8	0
3189	5	9064257	109696	131104	65552	8	0
3192	5	9075627	111267	131104	65552	8	0
3195	5	9085379	109649	131104	65552	8	0
3198	5	9096829	111347	131104	65552	8	0
3201	5	9106633	109701	131104	65552	8	0
3204	5	9118083	111347	131104	65552	8	0
3207	5	9127902	109716	131104	65552	8	0
3210	5	9137682	109677	131104	65552	8	0
3213	5	9145005	107220	131104	65552	8	0
3216	5	9155085	109977	131104	65552	8	0
3219	5	9162256	107068	131104	65552	8	0
3222	5	9172342	109983	131104	65552	8	0
3225	5	9179611	107166	131104	65552	8	0
3228	5	9189743	110029	131104	65552	8	0
3231	5	9200783	110937	131104	65552	8	0
3233	4	9205961	105075	131104	65552	8	0
3236	5	9215878	109814	131104	65552	8	0
3239	5	9227188	111207	131104	65552	8	0
3242	5	9237115	109824	131104	65552	8	0
3244	4	9242479	105261	131104	65552	8	0
3246	4	9245674	103092	131104	65552	8	0
3249	5	9255793	110016	131104	65552	8	0
3252	5	9266919	111023	131104	65552	8	0
3254	4	9272143	105121	131104	65552	8	0
3257	5	9280534	108288	131104	65552	8	0
3260	5	9293375	112738	131104	65552	8	0
3263	5	9301859	108381	131104	65552	8	0
3265	4	9307178	105216	131104	65552	8	0
3267	4	9310584	103303	131104	65552	8	0
3269	4	9316895	106208	131104	65552	8	0
3271	4	9320019	103021	131104	65552	8	0
3273	4	9326342	106220	131104	65552	8	0
3275	4	9329661	103216	131104	65552	8	0
3278	5	9336347	106583	131104	65552	8	0
3281	5	9345825	109375	131104	65552	8	0
3284	5	9354687	108759	131104	65552	8	0
3287	5	9362344	107554	131104	65552	8	0
3290	5	9371627	109180	131104	65552	8	0
3293	5	9379326	107596	131104	65552	8	0
3296	5	9388733	109304	131104	65552	8	0
3299	5	9396424	107588	131104	65552	8	0
3302	5	9405683	109156	131104	65552	8	0
3305	5	9413421	107635	131104	65552	8	0
3308	5	9422721	109197	131104	65552	8	0
3312	6	9434908	112084	131104	65552	8	0
3315	5	9444275	109264	131104	65552	8	0
3318	5	9452276	107898	131104	65552	8	0
3321	5	9461539	109160	131104	65552	8	0
3325	6	9473716	112074	131104	65552	8	0
3328	5	9483081	109262	131104	65552	8	0
3332	6	9495280	112096	131104	65552	8	0
3335	5	9504598	109215	131104	65552	8	0
3338	5	9512305	107604	131104	65552	8	0
3341	5	9521705	109297	131104	65552	8	0
3345	6	9533656	111848	131104	65552	8	0
3348	5	9543180	109421	131104	65552	8	0
3351	5	9550960	107677	131104	65552	8	0
3354	5	9560507	109444	131104	65552	8	0
3358	6	9572491	111881	131104	65552	8	0
3361	5	9582066	109472	131104	65552	8	0
3364	5	9589956	107787	131104	65552	8	0
3367	5	9599514	109455	131104	65552	8	0
3370	5	9606917	107300	131104	65552	8	0
3372	4	9613504	106484	131104	65552	8	0
3374	4	9616665	103058	131104	65552	8	0
3376	4	9622886	106118	131104	65552	8	0
3378	4	9626127	103138	131104	65552	8	0
3380	4	9632344	106114	131104	65552	8	0
3382	4	9635525	103078	131104	65552	8	0
3384	4	9641832	106204	131104	65552	8	0
3386	4	9644920	102985	131104	65552	8	0
3388	4	9652119	107096	131104	65552	8	0
3390	4	9655273	103051	131104	65552	8	0
3392	4	9661642	106266	131104	65552	8	0
3394	4	9664768	103023	131104	65552	8	0
3396	4	9670971	106100	131104	65552	8	0
3398	4	9674128	103054	131104	65552	8	0
3400	4	9678794	104563	131104	65552	8	0
3402	4	9681974	103077	131104	65552	8	0
3404	4	9687061	104984	131104	65552	8	0
3406	4	9690250	103086	131104	65552	8	0
3408	4	9694192	103839	131104	65552	8	0
3410	4	9697593	103298	131104	65552	8	0
3412	4	9703412	105716	131104	65552	8	0
3414	4	9706619	103104	131104	65552	8	0
3416	4	9712815	106093	131104	65552	8	0
3418	4	9716010	103092	131104	65552	8	0
3420	4	9722205	106092	131104	65552	8	0
3422	4	9725441	103133	131104	65552	8	0
3424	4	9730409	104865	131104	65552	8	0
3426	4	9733703	103191	131104	65552	8	0
3428	4	9738810	105004	131104	65552	8	0
3431	5	9746710	107797	131104	65552	8	0
3434	5	9760057	113244	131104	65552	8	0
3437	5	9767904	107744	131104	65552	8	0
3440	5	9781353	113346	131104	65552	8	0
3443	5	9789222	107766	131104	65552	8	0
3446	5	9802625	113300	131104	65552	8	0
3449	5	9810582	107854	131104	65552	8	0
3451	4	9815765	105080	131104	65552	8	0
3453	4	9819006	103138	131104	65552	8	0
3455	4	9825201	106092	131104	65552	8	0
3457	4	9828486	103182	131104	65552	8	0
3459	4	9837022	108433	131104	65552	8	0
3461	4	9840123	102998	131104	65552	8	0
3463	4	9846311	106085	131104	65552	8	0
3465	4	9849776	103362	131104	65552	8	0
3467	4	9856255	106376	131104	65552	8	0
3469	4	9859553	103195	131104	65552	8	0
3471	4	9862931	103275	131104	65552	8	0
3473	4	9866167	103133	131104	65552	8	0
3475	4	9870102	103832	131104	65552	8	0
3477	4	9873338	103133	131104	65552	8	0
3479	4	9879538	106097	131104	65552	8	0
3481	4	9882783	103142	131104	65552	8	0
3483	4	9888982	106096	131104	65552	8	0
3485	4	9892211	103126	131104	65552	8	0
3487	4	9898553	106239	131104	65552	8	0
3489	4	9901662	103006	131104	65552	8	0
3491	4	9906641	104876	131104	65552	8	0
3493	4	9909953	103209	131104	65552	8	0
3495	4	9916151	106095	131104	65552	8	0
3497	4	9919414	103160	131104	65552	8	0
3499	4	9925697	106180	131104	65552	8	0
3501	4	9928823	103023	131104	65552	8	0
3503	4	9933958	105032	131104	65552	8	0
3505	4	9937341	103280	131104	65552	8	0
3507	4	9942547	105103	131104	65552	8	0
3509	4	9945635	102985	131104	65552	8	0
3511	4	9951842	106104	131104	65552	8	0
3513	4	9955060	103115	131104	65552	8	0
3515	4	9960004	104841	131104	65552	8	0
3517	4	9963192	103085	131104	65552	8	0
3519	4	9968295	105000	131104	65552	8	0
3521	4	9971474	103076	131104	65552	8	0
3523	4	9976559	104982	131104	65552	8	0
3525	4	9979785	103123	131104	65552	8	0
3527	4	9985607	105719	131104	65552	8	0
3529	4	9989022	103312	131104	65552	8	0
3531	4	9995630	106505	131104	65552	8	0
3533	4	9998802	103069	131104	65552	8	0
3535	4	10005180	106275	131104	65552	8	0
3537	4	10008339	103056	131104	65552	8	0
3539	4	10014551	106109	131104	65552	8	0
3541	4	10017796	103142	131104	65552	8	0
3543	4	10024042	106143	131104	65552	8	0
3545	4	10027213	103068	131104	65552	8	0
3547	4	10033412	106096	131104	65552	8	0
3549	4	10036641	103126	131104	65552	8	0
3552	5	10047144	110400	131104	65552	8	0
3555	5	10054757	107510	131104	65552	8	0
3558	5	10063358	108498	131104	65552	8	0
3561	5	10071205	107744	131104	65552	8	0
3564	5	10084572	113264	131104	65552	8	0
3567	5	10092393	107718	131104	65552	8	0
3570	5	10105897	113401	131104	65552	8	0
3573	5	10113819	107819	131104	65552	8	0
3576	5	10124323	110401	131104	65552	8	0
3580	6	10135558	111132	131104	65552	8	0
3583	5	10145935	110274	131104	65552	8	0
3586	5	10153653	107615	131104	65552	8	0
3589	5	10167146	113390	131104	65552	8	0
3592	5	10174889	107640	131104	65552	8	0
3594	4	10180324	105332	131104	65552	8	0
3596	4	10183675	103248	131104	65552	8	0
3598	4	10188947	105169	131104	65552	8	0
3600	4	10192153	103103	131104	65552	8	0
3602	4	10198047	105791	131104	65552	8	0
3604	4	10201245	103095	131104	65552	8	0
3606	4	10206189	104841	131104	65552	8	0
3608	4	10209362	103070	131104	65552	8	0
3610	4	10215181	105716	131104	65552	8	0
3612	4	10218292	103008	131104	65552	8	0
3614	4	10225081	106686	131104	65552	8	0
3616	4	10228212	103028	131104	65552	8	0
3618	4	10235441	107126	131104	65552	8	0
3620	4	10238557	103013	131104	65552	8	0
3622	4	10244961	106301	131104	65552	8	0
3625	5	10254659	109595	131104	65552	8	0
3628	5	10266130	111368	131104	65552	8	0
3631	5	10275971	109738	131104	65552	8	0
3634	5	10287730	111656	131104	65552	8	0
3637	5	10297483	109650	131104	65552	8	0
3640	5	10309039	111453	131104	65552	8	0
3643	5	10318862	109720	131104	65552	8	0
3646	5	10327782	108817	131104	65552	8	0
3649	5	10335519	107634	131104	65552	8	0
3652	5	10344740	109118	131104	65552	8	0
3655	5	10352442	107599	131104	65552	8	0
3658	5	10361703	109158	131104	65552	8	0
3661	5	10369529	107723	131104	65552	8	0
3664	5	10378812	109180	131104	65552	8	0
3667	5	10386572	107657	131104	65552	8	0
3670	5	10395941	109266	131104	65552	8	0
3673	5	10403731	107687	131104	65552	8	0
3676	5	10413448	109614	131104	65552	8	0
3679	5	10420741	107190	131104	65552	8	0
3681	4	10427515	106671	131104	65552	8	0
3683	4	10430724	103106	131104	65552	8	0
3685	4	10437569	106742	131104	65552	8	0
3687	4	10440752	103080	131104	65552	8	0
3689	4	10449432	108577	131104	65552	8	0
3691	4	10452563	103028	131104	65552	8	0
3693	4	10458888	106222	131104	65552	8	0
3695	4	10462014	103023	131104	65552	8	0
3697	4	10468397	106280	131104	65552	8	0
3699	4	10471530	103030	131104	65552	8	0
3701	4	10477725	106092	131104	65552	8	0
3703	4	10480822	102994	131104	65552	8	0
3705	4	10487168	106243	131104	65552	8	0
3707	4	10490343	103072	131104	65552	8	0
3709	4	10496538	106092	131104	65552	8	0
3711	4	10499739	103098	131104	65552	8	0
3713	4	10505938	106096	131104	65552	8	0
3715	4	10509091	103050	131104	65552	8	0
3717	4	10515939	106745	131104	65552	8	0
3719	4	10519111	103069	131104	65552	8	0
3721	4	10527124	107910	131104	65552	8	0
3724	5	10535812	108585	131104	65552	8	0
3727	5	10545502	109587	131104	65552	8	0
3730	5	10553748	108143	131104	65552	8	0
3733	5	10563905	110054	131104	65552	8	0
3736	5	10570307	106299	131104	65552	8	0
3738	4	10575576	105166	131104	65552	8	0
3740	4	10578905	103226	131104	65552	8	0
3742	4	10583991	104983	131104	65552	8	0
3744	4	10587195	103101	131104	65552	8	0
3746	4	10593410	106112	131104	65552	8	0
3748	4	10596714	103201	131104	65552	8	0
3750	4	10603005	106188	131104	65552	8	0
3752	4	10606175	103067	131104	65552	8	0
3754	4	10612099	105821	131104	65552	8	0
3756	4	10615148	102946	131104	65552	8	0
3758	4	10621355	106104	131104	65552	8	0
3760	4	10624517	103059	131104	65552	8	0
3762	4	10631533	106913	131104	65552	8	0
3764	4	10634285	102649	131104	65552	8	0
3766	4	10639395	105007	131104	65552	8	0
3768	4	10642597	103099	131104	65552	8	0
3770	4	10647682	104982	131104	65552	8	0
3772	4	10650860	103075	131104	65552	8	0
3774	4	10655965	105002	131104	65552	8	0
3776	4	10659135	103067	131104	65552	8	0
3778	4	10664966	105728	131104	65552	8	0
3780	4	10668121	103052	131104	65552	8	0
3782	4	10674417	106193	131104	65552	8	0
3784	4	10677472	102952	131104	65552	8	0
3786	4	10684469	106894	131104	65552	8	0
3788	4	10687677	103105	131104	65552	8	0
3790	4	10693013	105233	131104	65552	8	0
3792	4	10696056	102940	131104	65552	8	0
3794	4	10702020	105861	131104	65552	8	0
3796	4	10704829	102706	131104	65552	8	0
3798	4	10707563	102631	131104	65552	8	0
3800	4	10710796	103130	131104	65552	8	0
3802	4	10716984	106085	131104	65552	8	0
3804	4	10720200	103113	131104	65552	8	0
3806	4	10725561	105258	131104	65552	8	0
3808	4	10728755	103091	131104	65552	8	0
3810	4	10734582	105724	131104	65552	8	0
3812	4	10737826	103141	131104	65552	8	0
3814	4	10744022	106093	131104	65552	8	0
3816	4	10747435	103310	131104	65552	8	0
3818	4	10753773	106235	131104	65552	8	0
3821	5	10763552	109676	131104	65552	8	0
3824	5	10774873	111218	131104	65552	8	0
3827	5	10784689	109713	131104	65552	8	0
3830	5	10796188	111396	131104	65552	8	0
3833	5	10805993	109702	131104	65552	8	0
3836	5	10817469	111373	131104	65552	8	0
3839	5	10827293	109721	131104	65552	8	0
3842	5	10838744	111348	131104	65552	8	0
3845	5	10848615	109768	131104	65552	8	0
3848	5	10860033	111315	131104	65552	8	0
3851	5	10869864	109728	131104	65552	8	0
3854	5	10881349	111382	131104	65552	8	0
3857	5	10891146	109694	131104	65552	8	0
3860	5	10902542	111293	131104	65552	8	0
3862	4	10905811	103166	131104	65552	8	0
3864	4	10912162	106248	131104	65552	8	0
3866	4	10915397	103132	131104	65552	8	0
3868	4	10920414	104914	131104	65552	8	0
3870	4	10923602	103085	131104	65552	8	0
3872	4	10928689	104984	131104	65552	8	0
3874	4	10931924	103132	131104	65552	8	0
3876	4	10937005	104978	131104	65552	8	0
3879	5	10944845	107737	131104	65552	8	0
3882	5	10958183	113235	131104	65552	8	0
3885	5	10966081	107795	131104	65552	8	0
3887	4	10971352	105168	131104	65552	8	0
3889	4	10974851	103396	131104	65552	8	0
3891	4	10982891	107937	131104	65552	8	0
3893	4	10986001	103007	131104	65552	8	0
3896	5	11004221	118117	131104	65552	8	0
3898	4	11007296	102972	131104	65552	8	0
3900	4	11013704	106305	131104	65552	8	0
3902	4	11016803	102996	131104	65552	8	0
3904	4	11023842	106936	131104	65552	8	0
3907	5	11033575	109630	131104	65552	8	0
3910	5	11042663	108985	131104	65552	8	0
3913	5	11050349	107583	131104	65552	8	0
3916	5	11060012	109560	131104	65552	8	0
3919	5	11067658	107543	131104	65552	8	0
3922	5	11077413	109652	131104	65552	8	0
3925	5	11085020	107504	131104	65552	8	0
3927	4	11089684	104561	131104	65552	8	0
3930	5	11097472	107685	131104	65552	8	0
3933	5	11107458	109883	131104	65552	8	0
3936	5	11115333	107772	131104	65552	8	0
3939	5	11125353	109917	131104	65552	8	0
3942	5	11132062	106606	131104	65552	8	0
3944	4	11139211	107046	131104	65552	8	0
3946	4	11142403	103089	131104	65552	8	0
3948	4	11149531	107025	131104	65552	8	0
3950	4	11152651	103017	131104	65552	8	0
3952	4	11157895	105141	131104	65552	8	0
3954	4	11160652	102654	131104	65552	8	0
3956	4	11165568	104813	131104	65552	8	0
3958	4	11168709	103038	131104	65552	8	0
3960	4	11173796	104984	131104	65552	8	0
3962	4	11176978	103079	131104	65552	8	0
3964	4	11183296	106215	131104	65552	8	0
3966	4	11186405	103006	131104	65552	8	0
3968	4	11192613	106105	131104	65552	8	0
3970	4	11195803	103087	131104	65552	8	0
3972	4	11200721	104815	131104	65552	8	0
3974	4	11203911	103087	131104	65552	8	0
3976	4	11208829	104815	131104	65552	8	0
3978	4	11212014	103082	131104	65552	8	0
3980	4	11217087	104970	131104	65552	8	0
3982	4	11220380	103190	131104	65552	8	0
3984	4	11228211	107728	131104	65552	8	0
3986	4	11231241	102927	131104	65552	8	0
3988	4	11237447	106103	131104	65552	8	0
3990	4	11240617	103067	131104	65552	8	0
3992	4	11247143	106423	131104	65552	8	0
3994	4	11250254	103008	131104	65552	8	0
3996	4	11258934	108577	131104	65552	8	0
3998	4	11262078	103041	131104	65552	8	0
4000	4	11267155	104974	131104	65552	8	0
4002	4	11270292	103034	131104	65552	8	0
4004	4	11275404	105009	131104	65552	8	0
4006	4	11278589	103082	131104	65552	8	0
4008	4	11283660	104968	131104	65552	8	0
4010	4	11286802	103039	131104	65552	8	0
4012	4	11291724	104819	131104	65552	8	0
4014	4	11295196	103369	131104	65552	8	0
4016	4	11303847	108548	131104	65552	8	0
4018	4	11306944	102994	131104	65552	8	0
4020	4	11315561	108514	131104	65552	8	0
4022	4	11318657	102993	131104	65552	8	0
4024	4	11327762	109002	131104	65552	8	0
4026	4	11330861	102996	131104	65552	8	0
4028	4	11339411	108447	131104	65552	8	0
4030	4	11342481	102967	131104	65552	8	0
4032	4	11348752	106168	131104	65552	8	0
4035	5	11358418	109563	131104	65552	8	0
4038	5	11369818	111297	131104	65552	8	0
4041	5	11379622	109701	131104	65552	8	0
4044	5	11388496	108771	131104	65552	8	0
4047	5	11396135	107536	131104	65552	8	0
4050	5	11405475	109237	131104	65552	8	0
4053	5	11413131	107553	131104	65552	8	0
4056	5	11422578	109344	131104	65552	8	0
4059	5	11430186	107505	131104	65552	8	0
4062	5	11439657	109368	131104	65552	8	0
4066	6	11451504	111744	131104	65552	8	0
4068	4	11455367	103760	131104	65552	8	0
4070	4	11458729	103259	131104	65552	8	0
4072	4	11463816	104984	131104	65552	8	0
4075	5	11471660	107741	131104	65552	8	0
4078	5	11485039	113276	131104	65552	8	0
4081	5	11492873	107731	131104	65552	8	0
4083	4	11498111	105135	131104	65552	8	0
4085	4	11501237	103023	131104	65552	8	0
4087	4	11506342	105002	131104	65552	8	0
4089	4	11509444	102999	131104	65552	8	0
4091	4	11518001	108454	131104	65552	8	0
4093	4	11521088	102984	131104	65552	8	0
4095	4	11527001	105810	131104	65552	8	0
4097	4	11530188	103084	131104	65552	8	0
4099	4	11536462	106171	131104	65552	8	0
4101	4	11539618	103053	131104	65552	8	0
4103	4	11545883	106162	131104	65552	8	0
4105	4	11549055	103069	131104	65552	8	0
4107	4	11555337	106179	131104	65552	8	0
4109	4	11558499	103059	131104	65552	8	0
4111	4	11564458	105856	131104	65552	8	0
4113	4	11567656	103095	131104	65552	8	0
4115	4	11578267	110508	131104	65552	8	0
4117	4	11581347	102977	131104	65552	8	0
4119	4	11587677	106227	131104	65552	8	0
4121	4	11590769	102989	131104	65552	8	0
4123	4	11597854	106982	131104	65552	8	0
4125	4	11601013	103056	131104	65552	8	0
4127	4	11608049	106933	131104	65552	8	0
4130	5	11617770	109618	131104	65552	8	0
4133	5	11626664	108791	131104	65552	8	0
4136	5	11634439	107672	131104	65552	8	0
4139	5	11644407	109865	131104	65552	8	0
4143	6	11655870	111360	131104	65552	8	0
4146	5	11665938	109965	131104	65552	8	0
4150	6	11677400	111359	131104	65552	8	0
4153	5	11687487	109984	131104	65552	8	0
4157	6	11698895	111305	131104	65552	8	0
4160	5	11708883	109885	131104	65552	8	0
4163	5	11716708	107722	131104	65552	8	0
4165	4	11721398	104587	131104	65552	8	0
4168	5	11731684	110183	131104	65552	8	0
4171	5	11742858	111071	131104	65552	8	0
4174	5	11749781	106820	131104	65552	8	0
4177	5	11760060	110176	131104	65552	8	0
4180	5	11767758	107595	131104	65552	8	0
4183	5	11777576	109715	131104	65552	8	0
4186	5	11785675	107996	131104	65552	8	0
4189	5	11794347	108569	131104	65552	8	0
4192	5	11802901	108451	131104	65552	8	0
4195	5	11815535	112531	131104	65552	8	0
4198	5	11824113	108475	131104	65552	8	0
4200	4	11829361	105145	131104	65552	8	0
4203	5	11837912	108448	131104	65552	8	0
4206	5	11850518	112503	131104	65552	8	0
4209	5	11859082	108461	131104	65552	8	0
4211	4	11864297	105112	131104	65552	8	0
4213	4	11867771	103371	131104	65552	8	0
4215	4	11873054	105180	131104	65552	8	0
4217	4	11876217	103060	131104	65552	8	0
4219	4	11880709	104389	131104	65552	8	0
4221	4	11883978	103166	131104	65552	8	0
4223	4	11889801	105720	131104	65552	8	0
4225	4	11892987	103083	131104	65552	8	0
4227	4	11898948	105858	131104	65552	8	0
4230	5	11909164	110113	131104	65552	8	0
4233	5	11920210	110943	131104	65552	8	0
4236	5	11930379	110066	131104	65552	8	0
4239	5	11941360	110878	131104	65552	8	0
4242	5	11951516	110053	131104	65552	8	0
4245	5	11962663	111044	131104	65552	8	0
4247	4	11965772	103006	131104	65552	8	0
4249	4	11972530	106655	131104	65552	8	0
4252	5	11982253	109620	131104	65552	8	0
4255	5	11993650	111294	131104	65552	8	0
4258	5	12003441	109688	131104	65552	8	0
4261	5	12013950	110406	131104	65552	8	0
4264	5	12020975	106922	131104	65552	8	0
4267	5	12031653	110575	131104	65552	8	0
4271	6	12042495	110739	131104	65552	8	0
4273	4	12047789	105191	131104	65552	8	0
4275	4	12050949	103057	131104	65552	8	0
4277	4	12056046	104994	131104	65552	8	0
4279	4	12059197	103048	131104	65552	8	0
4281	4	12064291	104991	131104	65552	8	0
4283	4	12067493	103099	131104	65552	8	0
4285	4	12073697	106101	131104	65552	8	0
4287	4	12076885	103085	131104	65552	8	0
4289	4	12084791	107803	131104	65552	8	0
4291	4	12087918	103024	131104	65552	8	0
4293	4	12094151	106130	131104	65552	8	0
4296	5	12103654	109400	131104	65552	8	0
4299	5	12115411	111654	131104	65552	8	0
4302	5	12125021	109507	131104	65552	8	0
4304	4	12131437	106313	131104	65552	8	0
4306	4	12134618	103078	131104	65552	8	0
4309	5	12144768	110047	131104	65552	8	0
4312	5	12155762	110891	131104	65552	8	0
4315	5	12165867	110002	131104	65552	8	0
4318	5	12177150	111180	131104	65552	8	0
4321	5	12187231	109978	131104	65552	8	0
4324	5	12198216	110882	131104	65552	8	0
4326	4	12203549	105230	131104	65552	8	0
4328	4	12206853	103201	131104	65552	8	0
4330	4	12211964	105008	131104	65552	8	0
4332	4	12215202	103135	131104	65552	8	0
4334	4	12221423	106118	131104	65552	8	0
4336	4	12224554	103028	131104	65552	8	0
4338	4	12230769	106112	131104	65552	8	0
4340	4	12233965	103093	131104	65552	8	0
4342	4	12240273	106205	131104	65552	8	0
4344	4	12243426	103050	131104	65552	8	0
4346	4	12249841	106312	131104	65552	8	0
4349	5	12259634	109690	131104	65552	8	0
4352	5	12271088	111351	131104	65552	8	0
4355	5	12280932	109741	131104	65552	8	0
4358	5	12292867	111832	131104	65552	8	0
4361	5	12303204	110234	131104	65552	8	0
4364	5	12314615	111308	131104	65552	8	0
4367	5	12324583	109865	131104	65552	8	0
4370	5	12335918	111232	131104	65552	8	0
4373	5	12345831	109810	131104	65552	8	0
4376	5	12355507	109573	131104	65552	8	0
4379	5	12363248	107638	131104	65552	8	0
4382	5	12372949	109598	131104	65552	8	0
4385	5	12380112	107060	131104	65552	8	0
4388	5	12390273	110058	131104	65552	8	0
4391	5	12401344	110968	131104	65552	8	0
4394	5	12411418	109971	131104	65552	8	0
4397	5	12422505	110984	131104	65552	8	0
4399	4	12427723	105115	131104	65552	8	0
4401	4	12430868	103042	131104	65552	8	0
4403	4	12436677	105706	131104	65552	8	0
4405	4	12439905	103125	131104	65552	8	0
4407	4	12444955	104947	131104	65552	8	0
4410	5	12452818	107760	131104	65552	8	0
4413	5	12466136	113215	131104	65552	8	0
4416	5	12473935	107696	131104	65552	8	0
4419	5	12483879	109841	131104	65552	8	0
4422	5	12491648	107666	131104	65552	8	0
4424	4	12496738	104987	131104	65552	8	0
4426	4	12499814	102973	131104	65552	8	0
4428	4	12504613	104696	131104	65552	8	0
4430	4	12507864	103148	131104	65552	8	0
4433	5	12518319	110352	131104	65552	8	0
4436	5	12525821	107399	131104	65552	8	0
4439	5	12536438	110514	131104	65552	8	0
4442	5	12543957	107416	131104	65552	8	0
4445	5	12552805	108745	131104	65552	8	0
4448	5	12560546	107638	131104	65552	8	0
4450	4	12566047	105398	131104	65552	8	0
4452	4	12569223	103073	131104	65552	8	0
4454	4	12574542	105216	131104	65552	8	0
4456	4	12577863	103218	131104	65552	8	0
4458	4	12583832	105866	131104	65552	8	0
4460	4	12586873	102938	131104	65552	8	0
4462	4	12592130	105154	131104	65552	8	0
4464	4	12595227	102994	131104	65552	8	0
4466	4	12601068	105738	131104	65552	8	0
4468	4	12604163	102992	131104	65552	8	0
4470	4	12608634	104368	131104	65552	8	0
4472	4	12611864	103127	131104	65552	8	0
4474	4	12616798	104831	131104	65552	8	0
4476	4	12619898	102997	131104	65552	8	0
4478	4	12624957	104956	131104	65552	8	0
4480	4	12628121	103061	131104	65552	8	0
4482	4	12633152	104928	131104	65552	8	0
4484	4	12636274	103019	131104	65552	8	0
4486	4	12641395	105018	131104	65552	8	0
4488	4	12644478	102980	131104	65552	8	0
4490	4	12650588	106007	131104	65552	8	0
4492	4	12653676	102985	131104	65552	8	0
4494	4	12660265	106486	131104	65552	8	0
4496	4	12663260	102892	131104	65552	8	0
4498	4	12669387	106024	131104	65552	8	0
4500	4	12672071	102581	131104	65552	8	0
4502	4	12675243	103069	131104	65552	8	0
4504	4	12678645	103299	131104	65552	8	0
4506	4	12684788	106040	131104	65552	8	0
4508	4	12687908	103017	131104	65552	8	0
4510	4	12692852	104841	131104	65552	8	0
4513	5	12701026	108071	131104	65552	8	0
4516	5	12714081	112952	131104	65552	8	0
4519	5	12722253	108069	131104	65552	8	0
4522	5	12735568	113212	131104	65552	8	0
4525	5	12743726	108055	131104	65552	8	0
4527	4	12748875	105046	131104	65552	8	0
4529	4	12752002	103024	131104	65552	8	0
4531	4	12758326	106221	131104	65552	8	0
4533	4	12761430	103001	131104	65552	8	0
4535	4	12769913	108380	131104	65552	8	0
4537	4	12772985	102969	131104	65552	8	0
4539	4	12777643	104555	131104	65552	8	0
4542	5	12786136	108390	131104	65552	8	0
4545	5	12798980	112741	131104	65552	8	0
4548	5	12807355	108272	131104	65552	8	0
4551	5	12820285	112827	131104	65552	8	0
4554	5	12828657	108269	131104	65552	8	0
4557	5	12841684	112924	131104	65552	8	0
4560	5	12850020	108233	131104	65552	8	0
4563	5	12862877	112754	131104	65552	8	0
4566	5	12871096	108116	131104	65552	8	0
4568	4	12876225	105026	131104	65552	8	0
4570	4	12879248	102920	131104	65552	8	0
4572	4	12887987	108636	131104	65552	8	0
4574	4	12891025	102935	131104	65552	8	0
4576	4	12896973	105845	131104	65552	8	0
4578	4	12900039	102963	131104	65552	8	0
4580	4	12906180	106038	131104	65552	8	0
4582	4	12909309	103026	131104	65552	8	0
4584	4	12915853	106441	131104	65552	8	0
4587	5	12925938	109982	131104	65552	8	0
4590	5	12937027	110986	131104	65552	8	0
4592	4	12940146	103016	131104	65552	8	0
4594	4	12946805	106556	131104	65552	8	0
4596	4	12949875	102967	131104	65552	8	0
4598	4	12956408	106430	131104	65552	8	0
4600	4	12959488	102977	131104	65552	8	0
4602	4	12966140	106549	131104	65552	8	0
4604	4	12969250	103007	131104	65552	8	0
4606	4	12976055	106702	131104	65552	8	0
4608	4	12979140	102982	131104	65552	8	0
4610	4	12984184	104941	131104	65552	8	0
4613	5	12992415	108128	131104	65552	8	0
4616	5	13005382	112864	131104	65552	8	0
4619	5	13013662	108177	131104	65552	8	0
4622	5	13023619	109854	131104	65552	8	0
4626	6	13035139	111417	131104	65552	8	0
4628	4	13040438	105196	131104	65552	8	0
4631	5	13049884	109343	131104	65552	8	0
4634	5	13061667	111680	131104	65552	8	0
4637	5	13071144	109374	131104	65552	8	0
4640	5	13082964	111717	131104	65552	8	0
4643	5	13092403	109336	131104	65552	8	0
4646	5	13104205	111699	131104	65552	8	0
4649	5	13110534	106226	131104	65552	8	0
4652	5	13121360	110723	131104	65552	8	0
4655	5	13127541	106078	131104	65552	8	0
4658	5	13138576	110932	131104	65552	8	0
4662	6	13149122	110443	131104	65552	8	0
4665	5	13160059	110834	131104	65552	8	0
4668	5	13166290	106128	131104	65552	8	0
4671	5	13177266	110873	131104	65552	8	0
4674	5	13183509	106140	131104	65552	8	0
4676	4	13188822	105210	131104	65552	8	0
4678	4	13191934	103009	131104	65552	8	0
4680	4	13197142	105105	131104	65552	8	0
4682	4	13200635	103390	131104	65552	8	0
4684	4	13205766	105028	131104	65552	8	0
4686	4	13208913	103044	131104	65552	8	0
4688	4	13214728	105712	131104	65552	8	0
4690	4	13217895	103064	131104	65552	8	0
4692	4	13224236	106238	131104	65552	8	0
4694	4	13227382	103043	131104	65552	8	0
4696	4	13233710	106225	131104	65552	8	0
4698	4	13236904	103091	131104	65552	8	0
4700	4	13243100	106093	131104	65552	8	0
4702	4	13246336	103133	131104	65552	8	0
4704	4	13252527	106088	131104	65552	8	0
4706	4	13255718	103088	131104	65552	8	0
4708	4	13262598	106777	131104	65552	8	0
4710	4	13265748	103047	131104	65552	8	0
4712	4	13272029	106178	131104	65552	8	0
4714	4	13275132	103000	131104	65552	8	0
4716	4	13281591	106356	131104	65552	8	0
4718	4	13284700	103006	131104	65552	8	0
4720	4	13289650	104847	131104	65552	8	0
4722	4	13292961	103208	131104	65552	8	0
4724	4	13298021	104957	131104	65552	8	0
4726	4	13301168	103044	131104	65552	8	0
4728	4	13306236	104965	131104	65552	8	0
4730	4	13309369	103030	131104	65552	8	0
4732	4	13315183	105711	131104	65552	8	0
4734	4	13318373	103087	131104	65552	8	0
4736	4	13322582	104106	131104	65552	8	0
4738	4	13326064	103379	131104	65552	8	0
4740	4	13331113	104946	131104	65552	8	0
4742	4	13334703	103487	131104	65552	8	0
4744	4	13343371	108565	131104	65552	8	0
4746	4	13346591	103117	131104	65552	8	0
4748	4	13353592	106898	131104	65552	8	0
4750	4	13356720	103025	131104	65552	8	0
4752	4	13364638	107815	131104	65552	8	0
4755	5	13373486	108745	131104	65552	8	0
4758	5	13383175	109586	131104	65552	8	0
4761	5	13390818	107540	131104	65552	8	0
4764	5	13400976	110055	131104	65552	8	0
4767	5	13407860	106781	131104	65552	8	0
4770	5	13417550	109587	131104	65552	8	0
4773	5	13425607	107954	131104	65552	8	0
4776	5	13434715	109005	131104	65552	8	0
4779	5	13441243	106425	131104	65552	8	0
4782	5	13450575	109229	131104	65552	8	0
4785	5	13456937	106259	131104	65552	8	0
4787	4	13462115	105075	131104	65552	8	0
4790	5	13470190	107972	131104	65552	8	0
4793	5	13483481	113188	131104	65552	8	0
4796	5	13491322	107738	131104	65552	8	0
4799	5	13504655	113230	131104	65552	8	0
4802	5	13512450	107692	131104	65552	8	0
4805	5	13525784	113231	131104	65552	8	0
4808	5	13533711	107824	131104	65552	8	0
4810	4	13538797	104983	131104	65552	8	0
4812	4	13541980	103080	131104	65552	8	0
4814	4	13547102	105019	131104	65552	8	0
4817	5	13554894	107689	131104	65552	8	0
4820	5	13568259	113262	131104	65552	8	0
4823	5	13576000	107638	131104	65552	8	0
4826	5	13589373	113270	131104	65552	8	0
4829	5	13597263	107787	131104	65552	8	0
4831	4	13602452	105086	131104	65552	8	0
4833	4	13605704	103149	131104	65552	8	0
4835	4	13610511	104704	131104	65552	8	0
4837	4	13613784	103170	131104	65552	8	0
4839	4	13619975	106088	131104	65552	8	0
4841	4	13623173	103095	131104	65552	8	0
4843	4	13627665	104389	131104	65552	8	0
4845	4	13630857	103089	131104	65552	8	0
4847	4	13637755	106795	131104	65552	8	0
4849	4	13640935	103077	131104	65552	8	0
4851	4	13647961	106923	131104	65552	8	0
4853	4	13651098	103034	131104	65552	8	0
4855	4	13658458	107257	131104	65552	8	0
4857	4	13661554	102993	131104	65552	8	0
4859	4	13670735	109078	131104	65552	8	0
4861	4	13673814	102976	131104	65552	8	0
4863	4	13679355	105438	131104	65552	8	0
4865	4	13682553	103095	131104	65552	8	0
4867	4	13688735	106079	131104	65552	8	0
4869	4	13691943	103105	131104	65552	8	0
4871	4	13698942	106896	131104	65552	8	0
4873	4	13702076	103031	131104	65552	8	0
4875	4	13709092	106913	131104	65552	8	0
4877	4	13712257	103062	131104	65552	8	0
4879	4	13718451	106091	131104	65552	8	0
4881	4	13721634	103080	131104	65552	8	0
4883	4	13727847	106110	131104	65552	8	0
4885	4	13730995	103045	131104	65552	8	0
4887	4	13737279	106181	131104	65552	8	0
4890	5	13747030	109648	131104	65552	8	0
4893	5	13758390	111257	131104	65552	8	0
4896	5	13768243	109750	131104	65552	8	0
4899	5	13779793	111447	131104	65552	8	0
4902	5	13789607	109711	131104	65552	8	0
4905	5	13801085	111375	131104	65552	8	0
4908	5	13810926	109738	131104	65552	8	0
4911	5	13822437	111408	131104	65552	8	0
4914	5	13832305	109765	131104	65552	8	0
4917	5	13840978	108570	131104	65552	8	0
4920	5	13848815	107734	131104	65552	8	0
4923	5	13857831	108913	131104	65552	8	0
4926	5	13865704	107770	131104	65552	8	0
4929	5	13879058	113251	131104	65552	8	0
4932	5	13886842	107681	131104	65552	8	0
4934	4	13893344	106399	131104	65552	8	0
4936	4	13896538	103091	131104	65552	8	0
4938	4	13901496	104855	131104	65552	8	0
4940	4	13904792	103193	131104	65552	8	0
4942	4	13909877	104982	131104	65552	8	0
4944	4	13913033	103053	131104	65552	8	0
4946	4	13917990	104854	131104	65552	8	0
4948	4	13921162	103069	131104	65552	8	0
4950	4	13926352	105087	131104	65552	8	0
4952	4	13929569	103114	131104	65552	8	0
4954	4	13934387	104715	131104	65552	8	0
4957	5	13942795	108305	131104	65552	8	0
4960	5	13955611	112713	131104	65552	8	0
4963	5	13964012	108298	131104	65552	8	0
4966	5	13976888	112773	131104	65552	8	0
4969	5	13985229	108238	131104	65552	8	0
4972	5	13998037	112705	131104	65552	8	0
4975	5	14006461	108321	131104	65552	8	0
4978	5	14019277	112713	131104	65552	8	0
4981	5	14027678	108298	131104	65552	8	0
4983	4	14032936	105155	131104	65552	8	0
4985	4	14036099	103060	131104	65552	8	0
4987	4	14041184	104982	131104	65552	8	0
4989	4	14044417	103130	131104	65552	8	0
4991	4	14049502	104982	131104	65552	8	0
4993	4	14052735	103130	131104	65552	8	0
4997	6	14071070	118232	131104	65552	8	0
4999	4	14074110	102937	131104	65552	8	0
5001	4	14081711	107498	131104	65552	8	0
5003	4	14084809	102995	131104	65552	8	0
5005	4	14091022	106110	131104	65552	8	0
5007	4	14094215	103090	131104	65552	8	0
5009	4	14100430	106112	131104	65552	8	0
5011	4	14103647	103114	131104	65552	8	0
5013	4	14108857	105107	131104	65552	8	0
5015	4	14112040	103080	131104	65552	8	0
5017	4	14118231	106088	131104	65552	8	0
5019	4	14121438	103104	131104	65552	8	0
5021	4	14126381	104840	131104	65552	8	0
5023	4	14129561	103077	131104	65552	8	0
5025	4	14135777	106113	131104	65552	8	0
5027	4	14138976	103096	131104	65552	8	0
5029	4	14145229	106150	131104	65552	8	0
5031	4	14148410	103078	131104	65552	8	0
5033	4	14154663	106150	131104	65552	8	0
5035	4	14157853	103087	131104	65552	8	0
5037	4	14164142	106186	131104	65552	8	0
5039	4	14167279	103034	131104	65552	8	0
5041	4	14174316	106934	131104	65552	8	0
5043	4	14177447	103028	131104	65552	8	0
5045	4	14184191	106641	131104	65552	8	0
5047	4	14187239	102945	131104	65552	8	0
5049	4	14193434	106092	131104	65552	8	0
5051	4	14196604	103067	131104	65552	8	0
5053	4	14202809	106102	131104	65552	8	0
5055	4	14205957	103045	131104	65552	8	0
5057	4	14211027	104967	131104	65552	8	0
5059	4	14214294	103164	131104	65552	8	0
5061	4	14219088	104691	131104	65552	8	0
5063	4	14222267	103076	131104	65552	8	0
5065	4	14225266	102896	131104	65552	8	0
5067	4	14228413	103044	131104	65552	8	0
5069	4	14233335	104819	131104	65552	8	0
5071	4	14236506	103068	131104	65552	8	0
5073	4	14242411	105802	131104	65552	8	0
5075	4	14245621	103107	131104	65552	8	0
5077	4	14251449	105725	131104	65552	8	0
5079	4	14254591	103039	131104	65552	8	0
5081	4	14259676	104982	131104	65552	8	0
5083	4	14262822	103043	131104	65552	8	0
5085	4	14268670	105745	131104	65552	8	0
5087	4	14271846	103073	131104	65552	8	0
5089	4	14277999	106050	131104	65552	8	0
5091	4	14281236	103134	131104	65552	8	0
5093	4	14290768	109429	131104	65552	8	0
5095	4	14293856	102985	131104	65552	8	0
5097	4	14300742	106783	131104	65552	8	0
5099	4	14303794	102949	131104	65552	8	0
5101	4	14310631	106734	131104	65552	8	0
5103	4	14313862	103128	131104	65552	8	0
5105	4	14320675	106710	131104	65552	8	0
5107	4	14323832	103054	131104	65552	8	0
5109	4	14328926	104991	131104	65552	8	0
5111	4	14332088	103059	131104	65552	8	0
5113	4	14337175	104984	131104	65552	8	0
5115	4	14340342	103064	131104	65552	8	0
5117	4	14346143	105698	131104	65552	8	0
5119	4	14349350	103104	131104	65552	8	0
5121	4	14355550	106097	131104	65552	8	0
5123	4	14358708	103055	131104	65552	8	0
5125	4	14364908	106097	131104	65552	8	0
5127	4	14368109	103098	131104	65552	8	0
5129	4	14377194	108982	131104	65552	8	0
5131	4	14380287	102990	131104	65552	8	0
